timestamp,circuit_id,role,fingerprint,nickname,ip,bandwidth,country,asn
2025-10-18 17:13:35,114,guard,9211C28F875BD179EA4F865A2444C441DFF75840,Nightingali,116.202.237.212,UNKNOWN,Germany,AS24940 Hetzner Online GmbH
2025-10-18 17:13:35,115,guard,727EDD6ED7E462532417034475C16E552F14E7E3,Bluejaybrd,94.130.70.185,UNKNOWN,Germany,AS24940 Hetzner Online GmbH
2025-10-18 17:13:35,114,guard,9211C28F875BD179EA4F865A2444C441DFF75840,Nightingali,116.202.237.212,UNKNOWN,Germany,AS24940 Hetzner Online GmbH
2025-10-18 17:13:35,114,exit,24CC5254BB0F2F82F799CB483211D36948CC5FA8,Clara,51.159.30.51,UNKNOWN,France,AS12876 SCALEWAY S.A.S.
2025-10-18 17:13:35,115,guard,727EDD6ED7E462532417034475C16E552F14E7E3,Bluejaybrd,94.130.70.185,UNKNOWN,Germany,AS24940 Hetzner Online GmbH
2025-10-18 17:13:35,115,exit,316D9AD0B75096FB78F34F12BC0E3E5D865E10A8,Invision,94.249.231.26,UNKNOWN,Italy,AS216309 InvisionTech Group S.r.l.
2025-10-18 17:13:36,114,guard,9211C28F875BD179EA4F865A2444C441DFF75840,Nightingali,116.202.237.212,UNKNOWN,Germany,AS24940 Hetzner Online GmbH
2025-10-18 17:13:36,114,middle,24CC5254BB0F2F82F799CB483211D36948CC5FA8,Clara,51.159.30.51,UNKNOWN,France,AS12876 SCALEWAY S.A.S.
2025-10-18 17:13:36,114,exit,D0534621B39CA2C6439AC7A476CE625B2BA024E9,prsv,185.177.238.26,UNKNOWN,Albania,AS215540 GLOBAL CONNECTIVITY SOLUTIONS LLP
2025-10-18 17:13:36,114,guard,9211C28F875BD179EA4F865A2444C441DFF75840,Nightingali,116.202.237.212,UNKNOWN,Germany,AS24940 Hetzner Online GmbH
2025-10-18 17:13:36,114,middle,24CC5254BB0F2F82F799CB483211D36948CC5FA8,Clara,51.159.30.51,UNKNOWN,France,AS12876 SCALEWAY S.A.S.
2025-10-18 17:13:36,114,exit,D0534621B39CA2C6439AC7A476CE625B2BA024E9,prsv,185.177.238.26,UNKNOWN,Albania,AS215540 GLOBAL CONNECTIVITY SOLUTIONS LLP
2025-10-18 17:13:36,115,guard,727EDD6ED7E462532417034475C16E552F14E7E3,Bluejaybrd,94.130.70.185,UNKNOWN,Germany,AS24940 Hetzner Online GmbH
2025-10-18 17:13:36,115,middle,316D9AD0B75096FB78F34F12BC0E3E5D865E10A8,Invision,94.249.231.26,UNKNOWN,Italy,AS216309 InvisionTech Group S.r.l.
2025-10-18 17:13:36,115,exit,D0534621B39CA2C6439AC7A476CE625B2BA024E9,prsv,185.177.238.26,UNKNOWN,Albania,AS215540 GLOBAL CONNECTIVITY SOLUTIONS LLP
2025-10-18 17:13:36,115,guard,727EDD6ED7E462532417034475C16E552F14E7E3,Bluejaybrd,94.130.70.185,UNKNOWN,Germany,AS24940 Hetzner Online GmbH
2025-10-18 17:13:36,115,middle,316D9AD0B75096FB78F34F12BC0E3E5D865E10A8,Invision,94.249.231.26,UNKNOWN,Italy,AS216309 InvisionTech Group S.r.l.
2025-10-18 17:13:36,115,exit,D0534621B39CA2C6439AC7A476CE625B2BA024E9,prsv,185.177.238.26,UNKNOWN,Albania,AS215540 GLOBAL CONNECTIVITY SOLUTIONS LLP
2025-10-18 17:13:47,116,guard,9211C28F875BD179EA4F865A2444C441DFF75840,Nightingali,116.202.237.212,UNKNOWN,Germany,AS24940 Hetzner Online GmbH
2025-10-18 17:13:47,117,guard,727EDD6ED7E462532417034475C16E552F14E7E3,Bluejaybrd,94.130.70.185,UNKNOWN,Germany,AS24940 Hetzner Online GmbH
2025-10-18 17:13:47,116,guard,9211C28F875BD179EA4F865A2444C441DFF75840,Nightingali,116.202.237.212,UNKNOWN,Germany,AS24940 Hetzner Online GmbH
2025-10-18 17:13:47,116,exit,DB2682153AC0CCAECD2BD1E9EBE99C6815807A1E,GermanCraft5,152.53.224.57,UNKNOWN,Germany,AS197540 netcup GmbH
2025-10-18 17:13:47,117,guard,727EDD6ED7E462532417034475C16E552F14E7E3,Bluejaybrd,94.130.70.185,UNKNOWN,Germany,AS24940 Hetzner Online GmbH
2025-10-18 17:13:47,117,exit,B5BF4C7F2F03F2CBD21F78CD19738236F8146CB2,somethingYouLike,77.173.77.247,UNKNOWN,The Netherlands,AS1136 KPN B.V.
2025-10-18 17:13:48,116,guard,9211C28F875BD179EA4F865A2444C441DFF75840,Nightingali,116.202.237.212,UNKNOWN,Germany,AS24940 Hetzner Online GmbH
2025-10-18 17:13:48,116,middle,DB2682153AC0CCAECD2BD1E9EBE99C6815807A1E,GermanCraft5,152.53.224.57,UNKNOWN,Germany,AS197540 netcup GmbH
2025-10-18 17:13:48,116,exit,79B578BF5C02517EDCC1FB9C00F72B0FDB03BFCB,r0cket14i3,45.84.107.54,UNKNOWN,Sweden,AS214503 QuxLabs AB
2025-10-18 17:13:48,116,guard,9211C28F875BD179EA4F865A2444C441DFF75840,Nightingali,116.202.237.212,UNKNOWN,Germany,AS24940 Hetzner Online GmbH
2025-10-18 17:13:48,116,middle,DB2682153AC0CCAECD2BD1E9EBE99C6815807A1E,GermanCraft5,152.53.224.57,UNKNOWN,Germany,AS197540 netcup GmbH
2025-10-18 17:13:48,116,exit,79B578BF5C02517EDCC1FB9C00F72B0FDB03BFCB,r0cket14i3,45.84.107.54,UNKNOWN,Sweden,AS214503 QuxLabs AB
2025-10-18 17:13:48,117,guard,727EDD6ED7E462532417034475C16E552F14E7E3,Bluejaybrd,94.130.70.185,UNKNOWN,Germany,AS24940 Hetzner Online GmbH
2025-10-18 17:13:48,117,middle,B5BF4C7F2F03F2CBD21F78CD19738236F8146CB2,somethingYouLike,77.173.77.247,UNKNOWN,The Netherlands,AS1136 KPN B.V.
2025-10-18 17:13:48,117,exit,79B578BF5C02517EDCC1FB9C00F72B0FDB03BFCB,r0cket14i3,45.84.107.54,UNKNOWN,Sweden,AS214503 QuxLabs AB
2025-10-18 17:13:48,117,guard,727EDD6ED7E462532417034475C16E552F14E7E3,Bluejaybrd,94.130.70.185,UNKNOWN,Germany,AS24940 Hetzner Online GmbH
2025-10-18 17:13:48,117,middle,B5BF4C7F2F03F2CBD21F78CD19738236F8146CB2,somethingYouLike,77.173.77.247,UNKNOWN,The Netherlands,AS1136 KPN B.V.
2025-10-18 17:13:48,117,exit,79B578BF5C02517EDCC1FB9C00F72B0FDB03BFCB,r0cket14i3,45.84.107.54,UNKNOWN,Sweden,AS214503 QuxLabs AB
2025-10-18 17:13:53,119,guard,9211C28F875BD179EA4F865A2444C441DFF75840,Nightingali,116.202.237.212,UNKNOWN,Germany,AS24940 Hetzner Online GmbH
2025-10-18 17:13:53,118,guard,727EDD6ED7E462532417034475C16E552F14E7E3,Bluejaybrd,94.130.70.185,UNKNOWN,Germany,AS24940 Hetzner Online GmbH
2025-10-18 17:13:53,119,guard,9211C28F875BD179EA4F865A2444C441DFF75840,Nightingali,116.202.237.212,UNKNOWN,Germany,AS24940 Hetzner Online GmbH
2025-10-18 17:13:53,119,exit,CE1587A234A42EA0A34DE3043CEE41306BF098EB,SrsTubesRelay,194.14.0.242,UNKNOWN,Sweden,AS50066 Serious Tubes Networks
2025-10-18 17:13:54,118,guard,727EDD6ED7E462532417034475C16E552F14E7E3,Bluejaybrd,94.130.70.185,UNKNOWN,Germany,AS24940 Hetzner Online GmbH
2025-10-18 17:13:54,118,exit,2F3B9DFFDF23DAC9CCC8E223EAB6423535DDC21E,FTPhalifaxRWTH,137.226.34.45,UNKNOWN,Germany,AS47610 RWTH Aachen University
2025-10-18 17:13:54,119,guard,9211C28F875BD179EA4F865A2444C441DFF75840,Nightingali,116.202.237.212,UNKNOWN,Germany,AS24940 Hetzner Online GmbH
2025-10-18 17:13:54,119,middle,CE1587A234A42EA0A34DE3043CEE41306BF098EB,SrsTubesRelay,194.14.0.242,UNKNOWN,Sweden,AS50066 Serious Tubes Networks
2025-10-18 17:13:54,119,exit,85C29D07636BEBACFCA0DF5AB31B333882745065,Digitalcourage4ipcb,185.220.101.98,UNKNOWN,Germany,AS60729 Stiftung Erneuerbare Freiheit
2025-10-18 17:13:54,119,guard,9211C28F875BD179EA4F865A2444C441DFF75840,Nightingali,116.202.237.212,UNKNOWN,Germany,AS24940 Hetzner Online GmbH
2025-10-18 17:13:54,119,middle,CE1587A234A42EA0A34DE3043CEE41306BF098EB,SrsTubesRelay,194.14.0.242,UNKNOWN,Sweden,AS50066 Serious Tubes Networks
2025-10-18 17:13:54,119,exit,85C29D07636BEBACFCA0DF5AB31B333882745065,Digitalcourage4ipcb,185.220.101.98,UNKNOWN,Germany,AS60729 Stiftung Erneuerbare Freiheit
2025-10-18 17:13:54,118,guard,727EDD6ED7E462532417034475C16E552F14E7E3,Bluejaybrd,94.130.70.185,UNKNOWN,Germany,AS24940 Hetzner Online GmbH
2025-10-18 17:13:54,118,middle,2F3B9DFFDF23DAC9CCC8E223EAB6423535DDC21E,FTPhalifaxRWTH,137.226.34.45,UNKNOWN,Germany,AS47610 RWTH Aachen University
2025-10-18 17:13:54,118,exit,85C29D07636BEBACFCA0DF5AB31B333882745065,Digitalcourage4ipcb,185.220.101.98,UNKNOWN,Germany,AS60729 Stiftung Erneuerbare Freiheit
2025-10-18 17:13:54,118,guard,727EDD6ED7E462532417034475C16E552F14E7E3,Bluejaybrd,94.130.70.185,UNKNOWN,Germany,AS24940 Hetzner Online GmbH
2025-10-18 17:13:54,118,middle,2F3B9DFFDF23DAC9CCC8E223EAB6423535DDC21E,FTPhalifaxRWTH,137.226.34.45,UNKNOWN,Germany,AS47610 RWTH Aachen University
2025-10-18 17:13:54,118,exit,85C29D07636BEBACFCA0DF5AB31B333882745065,Digitalcourage4ipcb,185.220.101.98,UNKNOWN,Germany,AS60729 Stiftung Erneuerbare Freiheit
2025-10-18 17:13:55,120,guard,727EDD6ED7E462532417034475C16E552F14E7E3,Bluejaybrd,94.130.70.185,UNKNOWN,Germany,AS24940 Hetzner Online GmbH
2025-10-18 17:13:55,121,guard,9211C28F875BD179EA4F865A2444C441DFF75840,Nightingali,116.202.237.212,UNKNOWN,Germany,AS24940 Hetzner Online GmbH
2025-10-18 17:13:55,120,guard,727EDD6ED7E462532417034475C16E552F14E7E3,Bluejaybrd,94.130.70.185,UNKNOWN,Germany,AS24940 Hetzner Online GmbH
2025-10-18 17:13:55,120,exit,1FC0E182D07CF47A25DD4F6176C9F3671C56CD88,Unnamed,89.58.34.169,UNKNOWN,Germany,AS197540 netcup GmbH
2025-10-18 17:13:55,121,guard,9211C28F875BD179EA4F865A2444C441DFF75840,Nightingali,116.202.237.212,UNKNOWN,Germany,AS24940 Hetzner Online GmbH
2025-10-18 17:13:55,121,exit,8EBAFE8010DBD42146EB4865687D20941A685773,Ishtar,62.141.37.218,UNKNOWN,Germany,AS24961 WIIT AG
2025-10-18 17:13:56,120,guard,727EDD6ED7E462532417034475C16E552F14E7E3,Bluejaybrd,94.130.70.185,UNKNOWN,Germany,AS24940 Hetzner Online GmbH
2025-10-18 17:13:56,120,middle,1FC0E182D07CF47A25DD4F6176C9F3671C56CD88,Unnamed,89.58.34.169,UNKNOWN,Germany,AS197540 netcup GmbH
2025-10-18 17:13:56,120,exit,69518908236D3D12D6AD92E5C26A01C63CBDCBE2,noack3i2,195.47.238.84,UNKNOWN,Sweden,AS30893 No ACK Group Holding AB
2025-10-18 17:13:56,120,guard,727EDD6ED7E462532417034475C16E552F14E7E3,Bluejaybrd,94.130.70.185,UNKNOWN,Germany,AS24940 Hetzner Online GmbH
2025-10-18 17:13:56,120,middle,1FC0E182D07CF47A25DD4F6176C9F3671C56CD88,Unnamed,89.58.34.169,UNKNOWN,Germany,AS197540 netcup GmbH
2025-10-18 17:13:56,120,exit,69518908236D3D12D6AD92E5C26A01C63CBDCBE2,noack3i2,195.47.238.84,UNKNOWN,Sweden,AS30893 No ACK Group Holding AB
2025-10-18 17:13:56,121,guard,9211C28F875BD179EA4F865A2444C441DFF75840,Nightingali,116.202.237.212,UNKNOWN,Germany,AS24940 Hetzner Online GmbH
2025-10-18 17:13:56,121,middle,8EBAFE8010DBD42146EB4865687D20941A685773,Ishtar,62.141.37.218,UNKNOWN,Germany,AS24961 WIIT AG
2025-10-18 17:13:56,121,exit,69518908236D3D12D6AD92E5C26A01C63CBDCBE2,noack3i2,195.47.238.84,UNKNOWN,Sweden,AS30893 No ACK Group Holding AB
2025-10-18 17:13:56,121,guard,9211C28F875BD179EA4F865A2444C441DFF75840,Nightingali,116.202.237.212,UNKNOWN,Germany,AS24940 Hetzner Online GmbH
2025-10-18 17:13:56,121,middle,8EBAFE8010DBD42146EB4865687D20941A685773,Ishtar,62.141.37.218,UNKNOWN,Germany,AS24961 WIIT AG
2025-10-18 17:13:56,121,exit,69518908236D3D12D6AD92E5C26A01C63CBDCBE2,noack3i2,195.47.238.84,UNKNOWN,Sweden,AS30893 No ACK Group Holding AB
2025-10-18 17:14:00,123,guard,727EDD6ED7E462532417034475C16E552F14E7E3,Bluejaybrd,94.130.70.185,UNKNOWN,Germany,AS24940 Hetzner Online GmbH
2025-10-18 17:14:00,122,guard,9211C28F875BD179EA4F865A2444C441DFF75840,Nightingali,116.202.237.212,UNKNOWN,Germany,AS24940 Hetzner Online GmbH
2025-10-18 17:14:00,123,guard,727EDD6ED7E462532417034475C16E552F14E7E3,Bluejaybrd,94.130.70.185,UNKNOWN,Germany,AS24940 Hetzner Online GmbH
2025-10-18 17:14:00,123,exit,3E599E42113DE174F90E213F9CB818747BA0AE36,alexf,45.157.234.148,UNKNOWN,Germany,AS58212 dataforest GmbH
2025-10-18 17:14:01,122,guard,9211C28F875BD179EA4F865A2444C441DFF75840,Nightingali,116.202.237.212,UNKNOWN,Germany,AS24940 Hetzner Online GmbH
2025-10-18 17:14:01,122,exit,F62806C61513591809EE6F2095272B2BEF3D5258,PommespanzerGB3,87.106.69.171,UNKNOWN,United Kingdom,AS8560 IONOS SE
2025-10-18 17:14:01,123,guard,727EDD6ED7E462532417034475C16E552F14E7E3,Bluejaybrd,94.130.70.185,UNKNOWN,Germany,AS24940 Hetzner Online GmbH
2025-10-18 17:14:01,123,middle,3E599E42113DE174F90E213F9CB818747BA0AE36,alexf,45.157.234.148,UNKNOWN,Germany,AS58212 dataforest GmbH
2025-10-18 17:14:01,123,exit,EE2ABD66DDF85DA2D1A04A417BFE7165C25D029A,Quetzalcoatl,45.138.16.107,UNKNOWN,Poland,AS210558 1337 Services GmbH
2025-10-18 17:14:01,123,guard,727EDD6ED7E462532417034475C16E552F14E7E3,Bluejaybrd,94.130.70.185,UNKNOWN,Germany,AS24940 Hetzner Online GmbH
2025-10-18 17:14:01,123,middle,3E599E42113DE174F90E213F9CB818747BA0AE36,alexf,45.157.234.148,UNKNOWN,Germany,AS58212 dataforest GmbH
2025-10-18 17:14:01,123,exit,EE2ABD66DDF85DA2D1A04A417BFE7165C25D029A,Quetzalcoatl,45.138.16.107,UNKNOWN,Poland,AS210558 1337 Services GmbH
2025-10-18 17:14:01,122,guard,9211C28F875BD179EA4F865A2444C441DFF75840,Nightingali,116.202.237.212,UNKNOWN,Germany,AS24940 Hetzner Online GmbH
2025-10-18 17:14:01,122,middle,F62806C61513591809EE6F2095272B2BEF3D5258,PommespanzerGB3,87.106.69.171,UNKNOWN,United Kingdom,AS8560 IONOS SE
2025-10-18 17:14:01,122,exit,EE2ABD66DDF85DA2D1A04A417BFE7165C25D029A,Quetzalcoatl,45.138.16.107,UNKNOWN,Poland,AS210558 1337 Services GmbH
2025-10-18 17:14:01,122,guard,9211C28F875BD179EA4F865A2444C441DFF75840,Nightingali,116.202.237.212,UNKNOWN,Germany,AS24940 Hetzner Online GmbH
2025-10-18 17:14:01,122,middle,F62806C61513591809EE6F2095272B2BEF3D5258,PommespanzerGB3,87.106.69.171,UNKNOWN,United Kingdom,AS8560 IONOS SE
2025-10-18 17:14:01,122,exit,EE2ABD66DDF85DA2D1A04A417BFE7165C25D029A,Quetzalcoatl,45.138.16.107,UNKNOWN,Poland,AS210558 1337 Services GmbH
2025-10-18 17:14:20,101,guard,9211C28F875BD179EA4F865A2444C441DFF75840,Nightingali,116.202.237.212,UNKNOWN,Germany,AS24940 Hetzner Online GmbH
2025-10-18 17:14:20,101,middle,013ABAED8F4CDB677BE0B5212E4B2583B86035EE,b0rken,45.129.182.225,UNKNOWN,Germany,AS197540 netcup GmbH
2025-10-18 17:14:20,101,middle,D1B228DE5DEF2F8087AEBED4E2115EC5840ACC25,Unnamed,199.247.31.1,UNKNOWN,The Netherlands,"AS20473 The Constant Company, LLC"
2025-10-18 17:14:20,101,exit,44E0EAF0E79ED0104812FBA1F2B880CE7D972CDA,Unnamed,144.217.81.135,UNKNOWN,Canada,AS16276 OVH SAS
2025-10-18 17:14:20,101,guard,9211C28F875BD179EA4F865A2444C441DFF75840,Nightingali,116.202.237.212,UNKNOWN,Germany,AS24940 Hetzner Online GmbH
2025-10-18 17:14:20,101,middle,013ABAED8F4CDB677BE0B5212E4B2583B86035EE,b0rken,45.129.182.225,UNKNOWN,Germany,AS197540 netcup GmbH
2025-10-18 17:14:20,101,middle,D1B228DE5DEF2F8087AEBED4E2115EC5840ACC25,Unnamed,199.247.31.1,UNKNOWN,The Netherlands,"AS20473 The Constant Company, LLC"
2025-10-18 17:14:20,101,exit,44E0EAF0E79ED0104812FBA1F2B880CE7D972CDA,Unnamed,144.217.81.135,UNKNOWN,Canada,AS16276 OVH SAS
2025-10-18 17:14:20,124,guard,727EDD6ED7E462532417034475C16E552F14E7E3,Bluejaybrd,94.130.70.185,UNKNOWN,Germany,AS24940 Hetzner Online GmbH
2025-10-18 17:14:20,100,guard,727EDD6ED7E462532417034475C16E552F14E7E3,Bluejaybrd,94.130.70.185,UNKNOWN,Germany,AS24940 Hetzner Online GmbH
2025-10-18 17:14:20,100,middle,FAF0A8829E39063669FA609B904E0FB8D5E1F23F,Najdorf,49.12.57.133,UNKNOWN,Germany,AS24940 Hetzner Online GmbH
2025-10-18 17:14:20,100,exit,512219649B647564779A016C054ADCF1D08D48EF,revolt,65.109.98.156,UNKNOWN,Finland,AS24940 Hetzner Online GmbH
2025-10-18 17:14:20,124,guard,727EDD6ED7E462532417034475C16E552F14E7E3,Bluejaybrd,94.130.70.185,UNKNOWN,Germany,AS24940 Hetzner Online GmbH
2025-10-18 17:14:20,124,exit,FAF0A8829E39063669FA609B904E0FB8D5E1F23F,Najdorf,49.12.57.133,UNKNOWN,Germany,AS24940 Hetzner Online GmbH
2025-10-18 17:14:21,124,guard,727EDD6ED7E462532417034475C16E552F14E7E3,Bluejaybrd,94.130.70.185,UNKNOWN,Germany,AS24940 Hetzner Online GmbH
2025-10-18 17:14:21,124,middle,FAF0A8829E39063669FA609B904E0FB8D5E1F23F,Najdorf,49.12.57.133,UNKNOWN,Germany,AS24940 Hetzner Online GmbH
2025-10-18 17:14:21,124,exit,679220B3F9591BAA9AF077F364D308DD8DE491DC,tor101,194.147.140.101,UNKNOWN,Ukraine,AS214366 Moustafa Mohamed Mohamed Ahmed Elghoubashi
2025-10-18 17:14:21,124,guard,727EDD6ED7E462532417034475C16E552F14E7E3,Bluejaybrd,94.130.70.185,UNKNOWN,Germany,AS24940 Hetzner Online GmbH
2025-10-18 17:14:21,124,middle,FAF0A8829E39063669FA609B904E0FB8D5E1F23F,Najdorf,49.12.57.133,UNKNOWN,Germany,AS24940 Hetzner Online GmbH
2025-10-18 17:14:21,124,exit,679220B3F9591BAA9AF077F364D308DD8DE491DC,tor101,194.147.140.101,UNKNOWN,Ukraine,AS214366 Moustafa Mohamed Mohamed Ahmed Elghoubashi
2025-10-18 17:14:21,125,guard,9211C28F875BD179EA4F865A2444C441DFF75840,Nightingali,116.202.237.212,UNKNOWN,Germany,AS24940 Hetzner Online GmbH
2025-10-18 17:14:22,99,guard,9211C28F875BD179EA4F865A2444C441DFF75840,Nightingali,116.202.237.212,UNKNOWN,Germany,AS24940 Hetzner Online GmbH
2025-10-18 17:14:22,99,middle,013ABAED8F4CDB677BE0B5212E4B2583B86035EE,b0rken,45.129.182.225,UNKNOWN,Germany,AS197540 netcup GmbH
2025-10-18 17:14:22,99,middle,F7190F7D0E1ECF287060AC1DDD345B5954FC6171,mikrogravitation8,45.14.233.213,UNKNOWN,Germany,AS206236 default gateway UG (haftungsbeschraenkt)
2025-10-18 17:14:22,99,exit,AA4D53114ACE45434E760232BB13B76344CD7093,TorZurFreiheit2,217.160.126.155,UNKNOWN,Germany,AS8560 IONOS SE
2025-10-18 17:14:22,99,guard,9211C28F875BD179EA4F865A2444C441DFF75840,Nightingali,116.202.237.212,UNKNOWN,Germany,AS24940 Hetzner Online GmbH
2025-10-18 17:14:22,99,middle,013ABAED8F4CDB677BE0B5212E4B2583B86035EE,b0rken,45.129.182.225,UNKNOWN,Germany,AS197540 netcup GmbH
2025-10-18 17:14:22,99,middle,F7190F7D0E1ECF287060AC1DDD345B5954FC6171,mikrogravitation8,45.14.233.213,UNKNOWN,Germany,AS206236 default gateway UG (haftungsbeschraenkt)
2025-10-18 17:14:22,99,exit,AA4D53114ACE45434E760232BB13B76344CD7093,TorZurFreiheit2,217.160.126.155,UNKNOWN,Germany,AS8560 IONOS SE
2025-10-18 17:14:22,125,guard,9211C28F875BD179EA4F865A2444C441DFF75840,Nightingali,116.202.237.212,UNKNOWN,Germany,AS24940 Hetzner Online GmbH
2025-10-18 17:14:22,125,exit,FAF0A8829E39063669FA609B904E0FB8D5E1F23F,Najdorf,49.12.57.133,UNKNOWN,Germany,AS24940 Hetzner Online GmbH
2025-10-18 17:14:22,125,guard,9211C28F875BD179EA4F865A2444C441DFF75840,Nightingali,116.202.237.212,UNKNOWN,Germany,AS24940 Hetzner Online GmbH
2025-10-18 17:14:22,125,middle,FAF0A8829E39063669FA609B904E0FB8D5E1F23F,Najdorf,49.12.57.133,UNKNOWN,Germany,AS24940 Hetzner Online GmbH
2025-10-18 17:14:22,125,exit,1F2EB70268CE9E18CE864D44D793E2091F3CE72C,Citadel5,46.4.57.75,UNKNOWN,Germany,AS24940 Hetzner Online GmbH
2025-10-18 17:14:22,125,guard,9211C28F875BD179EA4F865A2444C441DFF75840,Nightingali,116.202.237.212,UNKNOWN,Germany,AS24940 Hetzner Online GmbH
2025-10-18 17:14:22,125,middle,FAF0A8829E39063669FA609B904E0FB8D5E1F23F,Najdorf,49.12.57.133,UNKNOWN,Germany,AS24940 Hetzner Online GmbH
2025-10-18 17:14:22,125,exit,1F2EB70268CE9E18CE864D44D793E2091F3CE72C,Citadel5,46.4.57.75,UNKNOWN,Germany,AS24940 Hetzner Online GmbH
2025-10-18 17:14:22,126,guard,9211C28F875BD179EA4F865A2444C441DFF75840,Nightingali,116.202.237.212,UNKNOWN,Germany,AS24940 Hetzner Online GmbH
2025-10-18 17:14:23,126,guard,9211C28F875BD179EA4F865A2444C441DFF75840,Nightingali,116.202.237.212,UNKNOWN,Germany,AS24940 Hetzner Online GmbH
2025-10-18 17:14:23,126,exit,22BCD0DFD148209C9860C7F89907AB4DEE974A08,Fastnet,95.216.115.85,UNKNOWN,Finland,AS24940 Hetzner Online GmbH
2025-10-18 17:14:23,126,guard,9211C28F875BD179EA4F865A2444C441DFF75840,Nightingali,116.202.237.212,UNKNOWN,Germany,AS24940 Hetzner Online GmbH
2025-10-18 17:14:23,126,middle,22BCD0DFD148209C9860C7F89907AB4DEE974A08,Fastnet,95.216.115.85,UNKNOWN,Finland,AS24940 Hetzner Online GmbH
2025-10-18 17:14:23,126,exit,F31A8ECBF669CC4E6B1C14866EBD25C13A70F296,CryptoCactus,185.232.68.247,UNKNOWN,Germany,AS197540 netcup GmbH
2025-10-18 17:14:23,126,guard,9211C28F875BD179EA4F865A2444C441DFF75840,Nightingali,116.202.237.212,UNKNOWN,Germany,AS24940 Hetzner Online GmbH
2025-10-18 17:14:23,126,middle,22BCD0DFD148209C9860C7F89907AB4DEE974A08,Fastnet,95.216.115.85,UNKNOWN,Finland,AS24940 Hetzner Online GmbH
2025-10-18 17:14:23,126,exit,F31A8ECBF669CC4E6B1C14866EBD25C13A70F296,CryptoCactus,185.232.68.247,UNKNOWN,Germany,AS197540 netcup GmbH
2025-10-18 17:14:23,126,guard,9211C28F875BD179EA4F865A2444C441DFF75840,Nightingali,116.202.237.212,UNKNOWN,Germany,AS24940 Hetzner Online GmbH
2025-10-18 17:14:23,126,middle,22BCD0DFD148209C9860C7F89907AB4DEE974A08,Fastnet,95.216.115.85,UNKNOWN,Finland,AS24940 Hetzner Online GmbH
2025-10-18 17:14:23,126,exit,F31A8ECBF669CC4E6B1C14866EBD25C13A70F296,CryptoCactus,185.232.68.247,UNKNOWN,Germany,AS197540 netcup GmbH
2025-10-18 17:14:23,126,guard,9211C28F875BD179EA4F865A2444C441DFF75840,Nightingali,116.202.237.212,UNKNOWN,Germany,AS24940 Hetzner Online GmbH
2025-10-18 17:14:23,126,middle,22BCD0DFD148209C9860C7F89907AB4DEE974A08,Fastnet,95.216.115.85,UNKNOWN,Finland,AS24940 Hetzner Online GmbH
2025-10-18 17:14:23,126,exit,F31A8ECBF669CC4E6B1C14866EBD25C13A70F296,CryptoCactus,185.232.68.247,UNKNOWN,Germany,AS197540 netcup GmbH
2025-10-18 17:14:24,127,guard,727EDD6ED7E462532417034475C16E552F14E7E3,Bluejaybrd,94.130.70.185,UNKNOWN,Germany,AS24940 Hetzner Online GmbH
2025-10-18 17:14:25,127,guard,727EDD6ED7E462532417034475C16E552F14E7E3,Bluejaybrd,94.130.70.185,UNKNOWN,Germany,AS24940 Hetzner Online GmbH
2025-10-18 17:14:25,127,exit,FAF0A8829E39063669FA609B904E0FB8D5E1F23F,Najdorf,49.12.57.133,UNKNOWN,Germany,AS24940 Hetzner Online GmbH
2025-10-18 17:14:25,127,guard,727EDD6ED7E462532417034475C16E552F14E7E3,Bluejaybrd,94.130.70.185,UNKNOWN,Germany,AS24940 Hetzner Online GmbH
2025-10-18 17:14:25,127,middle,FAF0A8829E39063669FA609B904E0FB8D5E1F23F,Najdorf,49.12.57.133,UNKNOWN,Germany,AS24940 Hetzner Online GmbH
2025-10-18 17:14:25,127,exit,A208C66E3BAF32B70920EB6AF8081F7CFA5DB1D1,Beanbag,136.243.176.179,UNKNOWN,Germany,AS24940 Hetzner Online GmbH
2025-10-18 17:14:25,127,guard,727EDD6ED7E462532417034475C16E552F14E7E3,Bluejaybrd,94.130.70.185,UNKNOWN,Germany,AS24940 Hetzner Online GmbH
2025-10-18 17:14:25,127,middle,FAF0A8829E39063669FA609B904E0FB8D5E1F23F,Najdorf,49.12.57.133,UNKNOWN,Germany,AS24940 Hetzner Online GmbH
2025-10-18 17:14:25,127,exit,A208C66E3BAF32B70920EB6AF8081F7CFA5DB1D1,Beanbag,136.243.176.179,UNKNOWN,Germany,AS24940 Hetzner Online GmbH
2025-10-18 17:14:25,127,guard,727EDD6ED7E462532417034475C16E552F14E7E3,Bluejaybrd,94.130.70.185,UNKNOWN,Germany,AS24940 Hetzner Online GmbH
2025-10-18 17:14:25,127,middle,FAF0A8829E39063669FA609B904E0FB8D5E1F23F,Najdorf,49.12.57.133,UNKNOWN,Germany,AS24940 Hetzner Online GmbH
2025-10-18 17:14:25,127,exit,A208C66E3BAF32B70920EB6AF8081F7CFA5DB1D1,Beanbag,136.243.176.179,UNKNOWN,Germany,AS24940 Hetzner Online GmbH
2025-10-18 17:14:25,127,guard,727EDD6ED7E462532417034475C16E552F14E7E3,Bluejaybrd,94.130.70.185,UNKNOWN,Germany,AS24940 Hetzner Online GmbH
2025-10-18 17:14:25,127,middle,FAF0A8829E39063669FA609B904E0FB8D5E1F23F,Najdorf,49.12.57.133,UNKNOWN,Germany,AS24940 Hetzner Online GmbH
2025-10-18 17:14:25,127,exit,A208C66E3BAF32B70920EB6AF8081F7CFA5DB1D1,Beanbag,136.243.176.179,UNKNOWN,Germany,AS24940 Hetzner Online GmbH
2025-10-18 17:14:26,128,guard,727EDD6ED7E462532417034475C16E552F14E7E3,Bluejaybrd,94.130.70.185,UNKNOWN,Germany,AS24940 Hetzner Online GmbH
2025-10-18 17:14:26,128,guard,727EDD6ED7E462532417034475C16E552F14E7E3,Bluejaybrd,94.130.70.185,UNKNOWN,Germany,AS24940 Hetzner Online GmbH
2025-10-18 17:14:26,128,exit,22BCD0DFD148209C9860C7F89907AB4DEE974A08,Fastnet,95.216.115.85,UNKNOWN,Finland,AS24940 Hetzner Online GmbH
2025-10-18 17:14:27,128,guard,727EDD6ED7E462532417034475C16E552F14E7E3,Bluejaybrd,94.130.70.185,UNKNOWN,Germany,AS24940 Hetzner Online GmbH
2025-10-18 17:14:27,128,middle,22BCD0DFD148209C9860C7F89907AB4DEE974A08,Fastnet,95.216.115.85,UNKNOWN,Finland,AS24940 Hetzner Online GmbH
2025-10-18 17:14:27,128,exit,5DC40F5357EDF4809A9010828172072C95A73514,mylocXdus01,146.0.40.193,UNKNOWN,Germany,AS24961 WIIT AG
2025-10-18 17:14:27,128,guard,727EDD6ED7E462532417034475C16E552F14E7E3,Bluejaybrd,94.130.70.185,UNKNOWN,Germany,AS24940 Hetzner Online GmbH
2025-10-18 17:14:27,128,middle,22BCD0DFD148209C9860C7F89907AB4DEE974A08,Fastnet,95.216.115.85,UNKNOWN,Finland,AS24940 Hetzner Online GmbH
2025-10-18 17:14:27,128,exit,5DC40F5357EDF4809A9010828172072C95A73514,mylocXdus01,146.0.40.193,UNKNOWN,Germany,AS24961 WIIT AG
2025-10-18 17:14:37,97,guard,7F00A590B5FB816746ED15D02FD39612C68CF6F1,tr4,45.132.126.27,UNKNOWN,Germany,AS200303 LUMASERV GmbH
2025-10-18 17:14:37,97,middle,3887FAA20AF621798E92B961E220695B5B747DAE,BigDaddy,185.21.217.32,UNKNOWN,The Netherlands,AS200052 Feral.io Ltd
2025-10-18 17:14:37,97,exit,BBE1DBF6009B6267AFB4DEF789F62FD9D8A940A4,wombat,109.70.100.69,UNKNOWN,Austria,AS208323 Foundation for Applied Privacy
2025-10-18 17:14:37,98,guard,7F00A590B5FB816746ED15D02FD39612C68CF6F1,tr4,45.132.126.27,UNKNOWN,Germany,AS200303 LUMASERV GmbH
2025-10-18 17:14:37,98,middle,58B80A88F1A7E6EAA20436BBF3911A9E7DFD6B47,TorNote2025,195.137.244.26,UNKNOWN,Poland,AS214379 South Park Networks LLC
2025-10-18 17:14:37,98,exit,189C44DD06312D6DF8FB57A944E6819FF245740C,Quetzalcoatl,107.189.10.175,UNKNOWN,Luxembourg,AS53667 FranTech Solutions
2025-10-18 17:15:08,102,guard,727EDD6ED7E462532417034475C16E552F14E7E3,Bluejaybrd,94.130.70.185,UNKNOWN,Germany,AS24940 Hetzner Online GmbH
2025-10-18 17:15:08,102,middle,530C13EF21F671E71FD6410131320D68E835F2DF,Azhurold,91.179.18.97,UNKNOWN,Belgium,AS5432 Proximus NV
2025-10-18 17:15:08,102,exit,48F0A45B0A6247F2F4683EC5E77DEB5678BCAE36,TORKeFFORG36,193.189.100.203,UNKNOWN,Sweden,AS41281 KeFF Networks Ltd
2025-10-18 17:15:08,105,guard,9211C28F875BD179EA4F865A2444C441DFF75840,Nightingali,116.202.237.212,UNKNOWN,Germany,AS24940 Hetzner Online GmbH
2025-10-18 17:15:08,105,middle,EA670AB58CD5E1D5DCAB571D100EA1D36D72CA28,billgates,95.217.39.117,UNKNOWN,Finland,AS24940 Hetzner Online GmbH
2025-10-18 17:15:08,105,exit,7D2EEBF22F0E91025E8E9BF739D8B8237577448B,TORKeFFORG15,193.189.100.195,UNKNOWN,Sweden,AS41281 KeFF Networks Ltd
2025-10-18 17:15:08,106,guard,727EDD6ED7E462532417034475C16E552F14E7E3,Bluejaybrd,94.130.70.185,UNKNOWN,Germany,AS24940 Hetzner Online GmbH
2025-10-18 17:15:08,106,middle,A75F2884FD32BB166E44DA2D5E01664C831C9200,noack12i2,195.47.238.176,UNKNOWN,Sweden,AS30893 No ACK Group Holding AB
2025-10-18 17:15:08,106,exit,7D2EEBF22F0E91025E8E9BF739D8B8237577448B,TORKeFFORG15,193.189.100.195,UNKNOWN,Sweden,AS41281 KeFF Networks Ltd
2025-10-18 17:15:08,134,guard,727EDD6ED7E462532417034475C16E552F14E7E3,Bluejaybrd,94.130.70.185,UNKNOWN,Germany,AS24940 Hetzner Online GmbH
2025-10-18 17:15:08,131,guard,727EDD6ED7E462532417034475C16E552F14E7E3,Bluejaybrd,94.130.70.185,UNKNOWN,Germany,AS24940 Hetzner Online GmbH
2025-10-18 17:15:08,129,guard,727EDD6ED7E462532417034475C16E552F14E7E3,Bluejaybrd,94.130.70.185,UNKNOWN,Germany,AS24940 Hetzner Online GmbH
2025-10-18 17:15:08,130,guard,9211C28F875BD179EA4F865A2444C441DFF75840,Nightingali,116.202.237.212,UNKNOWN,Germany,AS24940 Hetzner Online GmbH
2025-10-18 17:15:08,133,guard,9211C28F875BD179EA4F865A2444C441DFF75840,Nightingali,116.202.237.212,UNKNOWN,Germany,AS24940 Hetzner Online GmbH
2025-10-18 17:15:08,132,guard,9211C28F875BD179EA4F865A2444C441DFF75840,Nightingali,116.202.237.212,UNKNOWN,Germany,AS24940 Hetzner Online GmbH
2025-10-18 17:15:08,131,guard,727EDD6ED7E462532417034475C16E552F14E7E3,Bluejaybrd,94.130.70.185,UNKNOWN,Germany,AS24940 Hetzner Online GmbH
2025-10-18 17:15:08,131,exit,A3AFE7C3DB6E64243924136D2C4942880A1BC624,MyFancTorRelay,188.136.111.58,UNKNOWN,Germany,AS12355 HeLi NET Telekommunikation GmbH & Co.
2025-10-18 17:15:09,129,guard,727EDD6ED7E462532417034475C16E552F14E7E3,Bluejaybrd,94.130.70.185,UNKNOWN,Germany,AS24940 Hetzner Online GmbH
2025-10-18 17:15:09,129,exit,2390B303058F5EC1E1BEAAEECE3AAF2CF97B71F4,ForPrivacyNET,185.220.101.47,UNKNOWN,Germany,AS60729 Stiftung Erneuerbare Freiheit
2025-10-18 17:15:09,133,guard,9211C28F875BD179EA4F865A2444C441DFF75840,Nightingali,116.202.237.212,UNKNOWN,Germany,AS24940 Hetzner Online GmbH
2025-10-18 17:15:09,133,exit,752AA93C16DC039D86F88C8CAC5AC43CA3A87DDD,op2,77.174.62.158,UNKNOWN,The Netherlands,AS1136 KPN B.V.
2025-10-18 17:15:09,132,guard,9211C28F875BD179EA4F865A2444C441DFF75840,Nightingali,116.202.237.212,UNKNOWN,Germany,AS24940 Hetzner Online GmbH
2025-10-18 17:15:09,132,exit,65154DE680092A97BB66F6B225E9F3947B1702DD,LittleFoxKarl,80.220.209.55,UNKNOWN,Finland,AS1759 Telia Finland Oyj
2025-10-18 17:15:09,134,guard,727EDD6ED7E462532417034475C16E552F14E7E3,Bluejaybrd,94.130.70.185,UNKNOWN,Germany,AS24940 Hetzner Online GmbH
2025-10-18 17:15:09,134,exit,9A0AAF2E43BE3744CD1D6CD532C861F5A568F7A9,lnag,102.130.117.25,UNKNOWN,South Africa,AS328364 Host Africa (Pty) Ltd
2025-10-18 17:15:09,130,guard,9211C28F875BD179EA4F865A2444C441DFF75840,Nightingali,116.202.237.212,UNKNOWN,Germany,AS24940 Hetzner Online GmbH
2025-10-18 17:15:09,130,exit,26B0876A8681B99D4ACEEE352541B01AC39F47C2,hello,37.27.65.125,UNKNOWN,Finland,AS24940 Hetzner Online GmbH
2025-10-18 17:15:09,131,guard,727EDD6ED7E462532417034475C16E552F14E7E3,Bluejaybrd,94.130.70.185,UNKNOWN,Germany,AS24940 Hetzner Online GmbH
2025-10-18 17:15:09,131,middle,A3AFE7C3DB6E64243924136D2C4942880A1BC624,MyFancTorRelay,188.136.111.58,UNKNOWN,Germany,AS12355 HeLi NET Telekommunikation GmbH & Co.
2025-10-18 17:15:09,131,exit,9FE8CB4B152D5FD340AA2B307356560A3DAFE0DD,artikel10ber35,185.220.101.9,UNKNOWN,Germany,AS60729 Stiftung Erneuerbare Freiheit
2025-10-18 17:15:09,131,guard,727EDD6ED7E462532417034475C16E552F14E7E3,Bluejaybrd,94.130.70.185,UNKNOWN,Germany,AS24940 Hetzner Online GmbH
2025-10-18 17:15:09,131,middle,A3AFE7C3DB6E64243924136D2C4942880A1BC624,MyFancTorRelay,188.136.111.58,UNKNOWN,Germany,AS12355 HeLi NET Telekommunikation GmbH & Co.
2025-10-18 17:15:09,131,exit,9FE8CB4B152D5FD340AA2B307356560A3DAFE0DD,artikel10ber35,185.220.101.9,UNKNOWN,Germany,AS60729 Stiftung Erneuerbare Freiheit
2025-10-18 17:15:09,133,guard,9211C28F875BD179EA4F865A2444C441DFF75840,Nightingali,116.202.237.212,UNKNOWN,Germany,AS24940 Hetzner Online GmbH
2025-10-18 17:15:09,133,middle,752AA93C16DC039D86F88C8CAC5AC43CA3A87DDD,op2,77.174.62.158,UNKNOWN,The Netherlands,AS1136 KPN B.V.
2025-10-18 17:15:09,133,exit,74C0C2705DB1192C03F19F7CD1BB234843B1A81F,sabotage,45.66.35.35,UNKNOWN,The Netherlands,AS61125 SABOTAGE LLC
2025-10-18 17:15:09,133,guard,9211C28F875BD179EA4F865A2444C441DFF75840,Nightingali,116.202.237.212,UNKNOWN,Germany,AS24940 Hetzner Online GmbH
2025-10-18 17:15:09,133,middle,752AA93C16DC039D86F88C8CAC5AC43CA3A87DDD,op2,77.174.62.158,UNKNOWN,The Netherlands,AS1136 KPN B.V.
2025-10-18 17:15:09,133,exit,74C0C2705DB1192C03F19F7CD1BB234843B1A81F,sabotage,45.66.35.35,UNKNOWN,The Netherlands,AS61125 SABOTAGE LLC
2025-10-18 17:15:09,129,guard,727EDD6ED7E462532417034475C16E552F14E7E3,Bluejaybrd,94.130.70.185,UNKNOWN,Germany,AS24940 Hetzner Online GmbH
2025-10-18 17:15:09,129,middle,2390B303058F5EC1E1BEAAEECE3AAF2CF97B71F4,ForPrivacyNET,185.220.101.47,UNKNOWN,Germany,AS60729 Stiftung Erneuerbare Freiheit
2025-10-18 17:15:09,129,exit,EEF40B4CDDAA8F674685491E45E9399179AA1832,Quetzalcoatl,45.141.215.88,UNKNOWN,Poland,AS210558 1337 Services GmbH
2025-10-18 17:15:09,129,guard,727EDD6ED7E462532417034475C16E552F14E7E3,Bluejaybrd,94.130.70.185,UNKNOWN,Germany,AS24940 Hetzner Online GmbH
2025-10-18 17:15:09,129,middle,2390B303058F5EC1E1BEAAEECE3AAF2CF97B71F4,ForPrivacyNET,185.220.101.47,UNKNOWN,Germany,AS60729 Stiftung Erneuerbare Freiheit
2025-10-18 17:15:09,129,exit,EEF40B4CDDAA8F674685491E45E9399179AA1832,Quetzalcoatl,45.141.215.88,UNKNOWN,Poland,AS210558 1337 Services GmbH
2025-10-18 17:15:09,134,guard,727EDD6ED7E462532417034475C16E552F14E7E3,Bluejaybrd,94.130.70.185,UNKNOWN,Germany,AS24940 Hetzner Online GmbH
2025-10-18 17:15:09,134,middle,9A0AAF2E43BE3744CD1D6CD532C861F5A568F7A9,lnag,102.130.117.25,UNKNOWN,South Africa,AS328364 Host Africa (Pty) Ltd
2025-10-18 17:15:09,134,exit,74C0C2705DB1192C03F19F7CD1BB234843B1A81F,sabotage,45.66.35.35,UNKNOWN,The Netherlands,AS61125 SABOTAGE LLC
2025-10-18 17:15:09,134,guard,727EDD6ED7E462532417034475C16E552F14E7E3,Bluejaybrd,94.130.70.185,UNKNOWN,Germany,AS24940 Hetzner Online GmbH
2025-10-18 17:15:09,134,middle,9A0AAF2E43BE3744CD1D6CD532C861F5A568F7A9,lnag,102.130.117.25,UNKNOWN,South Africa,AS328364 Host Africa (Pty) Ltd
2025-10-18 17:15:09,134,exit,74C0C2705DB1192C03F19F7CD1BB234843B1A81F,sabotage,45.66.35.35,UNKNOWN,The Netherlands,AS61125 SABOTAGE LLC
2025-10-18 17:15:09,132,guard,9211C28F875BD179EA4F865A2444C441DFF75840,Nightingali,116.202.237.212,UNKNOWN,Germany,AS24940 Hetzner Online GmbH
2025-10-18 17:15:09,132,middle,65154DE680092A97BB66F6B225E9F3947B1702DD,LittleFoxKarl,80.220.209.55,UNKNOWN,Finland,AS1759 Telia Finland Oyj
2025-10-18 17:15:09,132,exit,9FE8CB4B152D5FD340AA2B307356560A3DAFE0DD,artikel10ber35,185.220.101.9,UNKNOWN,Germany,AS60729 Stiftung Erneuerbare Freiheit
2025-10-18 17:15:09,132,guard,9211C28F875BD179EA4F865A2444C441DFF75840,Nightingali,116.202.237.212,UNKNOWN,Germany,AS24940 Hetzner Online GmbH
2025-10-18 17:15:09,132,middle,65154DE680092A97BB66F6B225E9F3947B1702DD,LittleFoxKarl,80.220.209.55,UNKNOWN,Finland,AS1759 Telia Finland Oyj
2025-10-18 17:15:09,132,exit,9FE8CB4B152D5FD340AA2B307356560A3DAFE0DD,artikel10ber35,185.220.101.9,UNKNOWN,Germany,AS60729 Stiftung Erneuerbare Freiheit
2025-10-18 17:15:09,130,guard,9211C28F875BD179EA4F865A2444C441DFF75840,Nightingali,116.202.237.212,UNKNOWN,Germany,AS24940 Hetzner Online GmbH
2025-10-18 17:15:09,130,middle,26B0876A8681B99D4ACEEE352541B01AC39F47C2,hello,37.27.65.125,UNKNOWN,Finland,AS24940 Hetzner Online GmbH
2025-10-18 17:15:09,130,exit,EEF40B4CDDAA8F674685491E45E9399179AA1832,Quetzalcoatl,45.141.215.88,UNKNOWN,Poland,AS210558 1337 Services GmbH
2025-10-18 17:15:09,130,guard,9211C28F875BD179EA4F865A2444C441DFF75840,Nightingali,116.202.237.212,UNKNOWN,Germany,AS24940 Hetzner Online GmbH
2025-10-18 17:15:09,130,middle,26B0876A8681B99D4ACEEE352541B01AC39F47C2,hello,37.27.65.125,UNKNOWN,Finland,AS24940 Hetzner Online GmbH
2025-10-18 17:15:09,130,exit,EEF40B4CDDAA8F674685491E45E9399179AA1832,Quetzalcoatl,45.141.215.88,UNKNOWN,Poland,AS210558 1337 Services GmbH
2025-10-18 17:15:09,130,guard,9211C28F875BD179EA4F865A2444C441DFF75840,Nightingali,116.202.237.212,UNKNOWN,Germany,AS24940 Hetzner Online GmbH
2025-10-18 17:15:09,130,middle,26B0876A8681B99D4ACEEE352541B01AC39F47C2,hello,37.27.65.125,UNKNOWN,Finland,AS24940 Hetzner Online GmbH
2025-10-18 17:15:09,130,exit,EEF40B4CDDAA8F674685491E45E9399179AA1832,Quetzalcoatl,45.141.215.88,UNKNOWN,Poland,AS210558 1337 Services GmbH
2025-10-18 17:15:09,130,guard,9211C28F875BD179EA4F865A2444C441DFF75840,Nightingali,116.202.237.212,UNKNOWN,Germany,AS24940 Hetzner Online GmbH
2025-10-18 17:15:09,130,middle,26B0876A8681B99D4ACEEE352541B01AC39F47C2,hello,37.27.65.125,UNKNOWN,Finland,AS24940 Hetzner Online GmbH
2025-10-18 17:15:09,130,exit,EEF40B4CDDAA8F674685491E45E9399179AA1832,Quetzalcoatl,45.141.215.88,UNKNOWN,Poland,AS210558 1337 Services GmbH
2025-10-18 17:15:10,135,guard,9211C28F875BD179EA4F865A2444C441DFF75840,Nightingali,116.202.237.212,UNKNOWN,Germany,AS24940 Hetzner Online GmbH
2025-10-18 17:15:10,135,guard,9211C28F875BD179EA4F865A2444C441DFF75840,Nightingali,116.202.237.212,UNKNOWN,Germany,AS24940 Hetzner Online GmbH
2025-10-18 17:15:10,135,exit,A9EA412E9035B285D68EAA994FADFB1EF49324D8,parlaed4l,64.65.1.39,UNKNOWN,United States,AS36849 1st Amendment Encrypted Openness LLC
2025-10-18 17:15:11,135,guard,9211C28F875BD179EA4F865A2444C441DFF75840,Nightingali,116.202.237.212,UNKNOWN,Germany,AS24940 Hetzner Online GmbH
2025-10-18 17:15:11,135,middle,A9EA412E9035B285D68EAA994FADFB1EF49324D8,parlaed4l,64.65.1.39,UNKNOWN,United States,AS36849 1st Amendment Encrypted Openness LLC
2025-10-18 17:15:11,135,exit,EEF40B4CDDAA8F674685491E45E9399179AA1832,Quetzalcoatl,45.141.215.88,UNKNOWN,Poland,AS210558 1337 Services GmbH
2025-10-18 17:15:11,135,guard,9211C28F875BD179EA4F865A2444C441DFF75840,Nightingali,116.202.237.212,UNKNOWN,Germany,AS24940 Hetzner Online GmbH
2025-10-18 17:15:11,135,middle,A9EA412E9035B285D68EAA994FADFB1EF49324D8,parlaed4l,64.65.1.39,UNKNOWN,United States,AS36849 1st Amendment Encrypted Openness LLC
2025-10-18 17:15:11,135,exit,EEF40B4CDDAA8F674685491E45E9399179AA1832,Quetzalcoatl,45.141.215.88,UNKNOWN,Poland,AS210558 1337 Services GmbH
2025-10-18 17:15:39,107,guard,727EDD6ED7E462532417034475C16E552F14E7E3,Bluejaybrd,94.130.70.185,UNKNOWN,Germany,AS24940 Hetzner Online GmbH
2025-10-18 17:15:39,107,middle,5D8FDF11A1E62ABB459292C260BC4537F044B7C1,GoldenPeak2,79.161.244.214,UNKNOWN,Norway,AS29695 Altibox AS
2025-10-18 17:15:39,107,exit,B27CF1DCEECD50F7992B07D720D7F6BF0EDF9D40,radieschen,109.70.100.2,UNKNOWN,Austria,AS208323 Foundation for Applied Privacy
2025-10-18 17:15:39,108,guard,9211C28F875BD179EA4F865A2444C441DFF75840,Nightingali,116.202.237.212,UNKNOWN,Germany,AS24940 Hetzner Online GmbH
2025-10-18 17:15:39,108,middle,BCF55F865EE6EF17E25EFEAF851BC429F190B85D,DigiGesTor5e1,195.176.3.23,UNKNOWN,Switzerland,AS559 SWITCH
2025-10-18 17:15:39,108,exit,9E6310CF67A32012E01EF18B82AB642BF6EB2BC9,artikel10ber125,185.220.101.0,UNKNOWN,Germany,AS60729 Stiftung Erneuerbare Freiheit
2025-10-18 17:15:39,109,guard,9211C28F875BD179EA4F865A2444C441DFF75840,Nightingali,116.202.237.212,UNKNOWN,Germany,AS24940 Hetzner Online GmbH
2025-10-18 17:15:39,109,middle,77E022918A3DEB6AE92DFE38C0389089AF4E0768,Unnamed,38.242.218.37,UNKNOWN,France,AS51167 Contabo GmbH
2025-10-18 17:15:39,109,exit,1393A08210E59E38A62FD0CBD9D38287EFE11BD9,prsv,178.17.58.159,UNKNOWN,Germany,AS215540 GLOBAL CONNECTIVITY SOLUTIONS LLP
2025-10-18 17:15:39,110,guard,727EDD6ED7E462532417034475C16E552F14E7E3,Bluejaybrd,94.130.70.185,UNKNOWN,Germany,AS24940 Hetzner Online GmbH
2025-10-18 17:15:39,110,middle,E11FC7C83F417808A4CDD84A5ABFC112844C477A,ub4nix,82.64.46.143,UNKNOWN,France,AS12322 Free SAS
2025-10-18 17:15:39,110,exit,1393A08210E59E38A62FD0CBD9D38287EFE11BD9,prsv,178.17.58.159,UNKNOWN,Germany,AS215540 GLOBAL CONNECTIVITY SOLUTIONS LLP
2025-10-18 17:16:05,124,guard,727EDD6ED7E462532417034475C16E552F14E7E3,Bluejaybrd,94.130.70.185,UNKNOWN,Germany,AS24940 Hetzner Online GmbH
2025-10-18 17:16:05,124,middle,FAF0A8829E39063669FA609B904E0FB8D5E1F23F,Najdorf,49.12.57.133,UNKNOWN,Germany,AS24940 Hetzner Online GmbH
2025-10-18 17:16:05,124,middle,679220B3F9591BAA9AF077F364D308DD8DE491DC,tor101,194.147.140.101,UNKNOWN,Ukraine,AS214366 Moustafa Mohamed Mohamed Ahmed Elghoubashi
2025-10-18 17:16:05,124,exit,9E3715E0E0199A00D4174F73349EA5FC1A716E00,eo181,23.129.64.181,UNKNOWN,United States,AS396507 Emerald Onion
2025-10-18 17:16:05,124,guard,727EDD6ED7E462532417034475C16E552F14E7E3,Bluejaybrd,94.130.70.185,UNKNOWN,Germany,AS24940 Hetzner Online GmbH
2025-10-18 17:16:05,124,middle,FAF0A8829E39063669FA609B904E0FB8D5E1F23F,Najdorf,49.12.57.133,UNKNOWN,Germany,AS24940 Hetzner Online GmbH
2025-10-18 17:16:05,124,middle,679220B3F9591BAA9AF077F364D308DD8DE491DC,tor101,194.147.140.101,UNKNOWN,Ukraine,AS214366 Moustafa Mohamed Mohamed Ahmed Elghoubashi
2025-10-18 17:16:05,124,exit,9E3715E0E0199A00D4174F73349EA5FC1A716E00,eo181,23.129.64.181,UNKNOWN,United States,AS396507 Emerald Onion
2025-10-18 17:16:05,136,guard,9211C28F875BD179EA4F865A2444C441DFF75840,Nightingali,116.202.237.212,UNKNOWN,Germany,AS24940 Hetzner Online GmbH
2025-10-18 17:16:05,136,guard,9211C28F875BD179EA4F865A2444C441DFF75840,Nightingali,116.202.237.212,UNKNOWN,Germany,AS24940 Hetzner Online GmbH
2025-10-18 17:16:05,136,exit,22BCD0DFD148209C9860C7F89907AB4DEE974A08,Fastnet,95.216.115.85,UNKNOWN,Finland,AS24940 Hetzner Online GmbH
2025-10-18 17:16:06,125,guard,9211C28F875BD179EA4F865A2444C441DFF75840,Nightingali,116.202.237.212,UNKNOWN,Germany,AS24940 Hetzner Online GmbH
2025-10-18 17:16:06,125,middle,FAF0A8829E39063669FA609B904E0FB8D5E1F23F,Najdorf,49.12.57.133,UNKNOWN,Germany,AS24940 Hetzner Online GmbH
2025-10-18 17:16:06,125,exit,1F2EB70268CE9E18CE864D44D793E2091F3CE72C,Citadel5,46.4.57.75,UNKNOWN,Germany,AS24940 Hetzner Online GmbH
2025-10-18 17:16:06,136,guard,9211C28F875BD179EA4F865A2444C441DFF75840,Nightingali,116.202.237.212,UNKNOWN,Germany,AS24940 Hetzner Online GmbH
2025-10-18 17:16:06,136,middle,22BCD0DFD148209C9860C7F89907AB4DEE974A08,Fastnet,95.216.115.85,UNKNOWN,Finland,AS24940 Hetzner Online GmbH
2025-10-18 17:16:06,136,exit,3F8B4D9442218B3EA6CC8FD05E37E62B3E6AB361,Famy,176.65.149.65,UNKNOWN,The Netherlands,AS51396 Pfcloud UG
2025-10-18 17:16:06,136,guard,9211C28F875BD179EA4F865A2444C441DFF75840,Nightingali,116.202.237.212,UNKNOWN,Germany,AS24940 Hetzner Online GmbH
2025-10-18 17:16:06,136,middle,22BCD0DFD148209C9860C7F89907AB4DEE974A08,Fastnet,95.216.115.85,UNKNOWN,Finland,AS24940 Hetzner Online GmbH
2025-10-18 17:16:06,136,exit,3F8B4D9442218B3EA6CC8FD05E37E62B3E6AB361,Famy,176.65.149.65,UNKNOWN,The Netherlands,AS51396 Pfcloud UG
2025-10-18 17:16:06,137,guard,727EDD6ED7E462532417034475C16E552F14E7E3,Bluejaybrd,94.130.70.185,UNKNOWN,Germany,AS24940 Hetzner Online GmbH
2025-10-18 17:16:06,138,guard,727EDD6ED7E462532417034475C16E552F14E7E3,Bluejaybrd,94.130.70.185,UNKNOWN,Germany,AS24940 Hetzner Online GmbH
2025-10-18 17:16:06,137,guard,727EDD6ED7E462532417034475C16E552F14E7E3,Bluejaybrd,94.130.70.185,UNKNOWN,Germany,AS24940 Hetzner Online GmbH
2025-10-18 17:16:06,137,exit,22BCD0DFD148209C9860C7F89907AB4DEE974A08,Fastnet,95.216.115.85,UNKNOWN,Finland,AS24940 Hetzner Online GmbH
2025-10-18 17:16:07,138,guard,727EDD6ED7E462532417034475C16E552F14E7E3,Bluejaybrd,94.130.70.185,UNKNOWN,Germany,AS24940 Hetzner Online GmbH
2025-10-18 17:16:07,138,exit,22BCD0DFD148209C9860C7F89907AB4DEE974A08,Fastnet,95.216.115.85,UNKNOWN,Finland,AS24940 Hetzner Online GmbH
2025-10-18 17:16:07,137,guard,727EDD6ED7E462532417034475C16E552F14E7E3,Bluejaybrd,94.130.70.185,UNKNOWN,Germany,AS24940 Hetzner Online GmbH
2025-10-18 17:16:07,137,middle,22BCD0DFD148209C9860C7F89907AB4DEE974A08,Fastnet,95.216.115.85,UNKNOWN,Finland,AS24940 Hetzner Online GmbH
2025-10-18 17:16:07,137,exit,D99C0B4A6AAB8FECDC98CB2488520F0DE5337D13,mikrogravitationB,45.14.233.248,UNKNOWN,Germany,AS206236 default gateway UG (haftungsbeschraenkt)
2025-10-18 17:16:07,138,guard,727EDD6ED7E462532417034475C16E552F14E7E3,Bluejaybrd,94.130.70.185,UNKNOWN,Germany,AS24940 Hetzner Online GmbH
2025-10-18 17:16:07,138,middle,22BCD0DFD148209C9860C7F89907AB4DEE974A08,Fastnet,95.216.115.85,UNKNOWN,Finland,AS24940 Hetzner Online GmbH
2025-10-18 17:16:07,138,exit,F93DC96A3010079BDCE904856036588C17304BBF,MyMiddleRelay2,57.128.22.90,UNKNOWN,France,AS16276 OVH SAS
2025-10-18 17:16:07,138,guard,727EDD6ED7E462532417034475C16E552F14E7E3,Bluejaybrd,94.130.70.185,UNKNOWN,Germany,AS24940 Hetzner Online GmbH
2025-10-18 17:16:07,138,middle,22BCD0DFD148209C9860C7F89907AB4DEE974A08,Fastnet,95.216.115.85,UNKNOWN,Finland,AS24940 Hetzner Online GmbH
2025-10-18 17:16:07,138,exit,F93DC96A3010079BDCE904856036588C17304BBF,MyMiddleRelay2,57.128.22.90,UNKNOWN,France,AS16276 OVH SAS
2025-10-18 17:16:07,137,guard,727EDD6ED7E462532417034475C16E552F14E7E3,Bluejaybrd,94.130.70.185,UNKNOWN,Germany,AS24940 Hetzner Online GmbH
2025-10-18 17:16:07,137,middle,22BCD0DFD148209C9860C7F89907AB4DEE974A08,Fastnet,95.216.115.85,UNKNOWN,Finland,AS24940 Hetzner Online GmbH
2025-10-18 17:16:07,137,middle,D99C0B4A6AAB8FECDC98CB2488520F0DE5337D13,mikrogravitationB,45.14.233.248,UNKNOWN,Germany,AS206236 default gateway UG (haftungsbeschraenkt)
2025-10-18 17:16:07,137,exit,5C8CC5659757F690C9B5B9BB4A4302E8397818BF,LostSahara,94.130.201.104,UNKNOWN,Germany,AS24940 Hetzner Online GmbH
2025-10-18 17:16:07,137,guard,727EDD6ED7E462532417034475C16E552F14E7E3,Bluejaybrd,94.130.70.185,UNKNOWN,Germany,AS24940 Hetzner Online GmbH
2025-10-18 17:16:07,137,middle,22BCD0DFD148209C9860C7F89907AB4DEE974A08,Fastnet,95.216.115.85,UNKNOWN,Finland,AS24940 Hetzner Online GmbH
2025-10-18 17:16:07,137,middle,D99C0B4A6AAB8FECDC98CB2488520F0DE5337D13,mikrogravitationB,45.14.233.248,UNKNOWN,Germany,AS206236 default gateway UG (haftungsbeschraenkt)
2025-10-18 17:16:07,137,exit,5C8CC5659757F690C9B5B9BB4A4302E8397818BF,LostSahara,94.130.201.104,UNKNOWN,Germany,AS24940 Hetzner Online GmbH
2025-10-18 17:16:08,137,guard,727EDD6ED7E462532417034475C16E552F14E7E3,Bluejaybrd,94.130.70.185,UNKNOWN,Germany,AS24940 Hetzner Online GmbH
2025-10-18 17:16:08,137,middle,22BCD0DFD148209C9860C7F89907AB4DEE974A08,Fastnet,95.216.115.85,UNKNOWN,Finland,AS24940 Hetzner Online GmbH
2025-10-18 17:16:08,137,middle,D99C0B4A6AAB8FECDC98CB2488520F0DE5337D13,mikrogravitationB,45.14.233.248,UNKNOWN,Germany,AS206236 default gateway UG (haftungsbeschraenkt)
2025-10-18 17:16:08,137,exit,5C8CC5659757F690C9B5B9BB4A4302E8397818BF,LostSahara,94.130.201.104,UNKNOWN,Germany,AS24940 Hetzner Online GmbH
2025-10-18 17:16:10,112,guard,727EDD6ED7E462532417034475C16E552F14E7E3,Bluejaybrd,94.130.70.185,UNKNOWN,Germany,AS24940 Hetzner Online GmbH
2025-10-18 17:16:10,112,middle,A0BD104E35D36F5630B01EB5370597EB09204C99,Strelnikov,98.128.175.45,UNKNOWN,Sweden,AS8473 Bahnhof AB
2025-10-18 17:16:10,112,exit,9AD90317DDA2F898EB0AE0F20976EA97E7AF9012,Digitalcourage4ip5a,185.220.101.108,UNKNOWN,Germany,AS60729 Stiftung Erneuerbare Freiheit
2025-10-18 17:16:10,113,guard,727EDD6ED7E462532417034475C16E552F14E7E3,Bluejaybrd,94.130.70.185,UNKNOWN,Germany,AS24940 Hetzner Online GmbH
2025-10-18 17:16:10,113,middle,828F5C4B7C0C9A8146DA32432A36F4BA1B60E238,prsv,51.89.23.41,UNKNOWN,Germany,AS16276 OVH SAS
2025-10-18 17:16:10,113,exit,8748A5C2CE8BE8B6099011DABBD736DBA1FABD61,ForPrivacyNET,185.220.101.37,UNKNOWN,Germany,AS60729 Stiftung Erneuerbare Freiheit
2025-10-18 17:16:14,139,guard,727EDD6ED7E462532417034475C16E552F14E7E3,Bluejaybrd,94.130.70.185,UNKNOWN,Germany,AS24940 Hetzner Online GmbH
2025-10-18 17:16:14,128,guard,727EDD6ED7E462532417034475C16E552F14E7E3,Bluejaybrd,94.130.70.185,UNKNOWN,Germany,AS24940 Hetzner Online GmbH
2025-10-18 17:16:14,128,middle,22BCD0DFD148209C9860C7F89907AB4DEE974A08,Fastnet,95.216.115.85,UNKNOWN,Finland,AS24940 Hetzner Online GmbH
2025-10-18 17:16:14,128,middle,5DC40F5357EDF4809A9010828172072C95A73514,mylocXdus01,146.0.40.193,UNKNOWN,Germany,AS24961 WIIT AG
2025-10-18 17:16:14,128,exit,0CDA36F9470E72A5392E9A5A245FBB18342CEEF4,Aramis,45.80.158.53,UNKNOWN,Poland,AS210558 1337 Services GmbH
2025-10-18 17:16:14,128,guard,727EDD6ED7E462532417034475C16E552F14E7E3,Bluejaybrd,94.130.70.185,UNKNOWN,Germany,AS24940 Hetzner Online GmbH
2025-10-18 17:16:14,128,middle,22BCD0DFD148209C9860C7F89907AB4DEE974A08,Fastnet,95.216.115.85,UNKNOWN,Finland,AS24940 Hetzner Online GmbH
2025-10-18 17:16:14,128,middle,5DC40F5357EDF4809A9010828172072C95A73514,mylocXdus01,146.0.40.193,UNKNOWN,Germany,AS24961 WIIT AG
2025-10-18 17:16:14,128,exit,0CDA36F9470E72A5392E9A5A245FBB18342CEEF4,Aramis,45.80.158.53,UNKNOWN,Poland,AS210558 1337 Services GmbH
2025-10-18 17:16:15,139,guard,727EDD6ED7E462532417034475C16E552F14E7E3,Bluejaybrd,94.130.70.185,UNKNOWN,Germany,AS24940 Hetzner Online GmbH
2025-10-18 17:16:15,139,exit,FAF0A8829E39063669FA609B904E0FB8D5E1F23F,Najdorf,49.12.57.133,UNKNOWN,Germany,AS24940 Hetzner Online GmbH
2025-10-18 17:16:15,136,guard,9211C28F875BD179EA4F865A2444C441DFF75840,Nightingali,116.202.237.212,UNKNOWN,Germany,AS24940 Hetzner Online GmbH
2025-10-18 17:16:15,136,middle,22BCD0DFD148209C9860C7F89907AB4DEE974A08,Fastnet,95.216.115.85,UNKNOWN,Finland,AS24940 Hetzner Online GmbH
2025-10-18 17:16:15,136,exit,3F8B4D9442218B3EA6CC8FD05E37E62B3E6AB361,Famy,176.65.149.65,UNKNOWN,The Netherlands,AS51396 Pfcloud UG
2025-10-18 17:16:15,139,guard,727EDD6ED7E462532417034475C16E552F14E7E3,Bluejaybrd,94.130.70.185,UNKNOWN,Germany,AS24940 Hetzner Online GmbH
2025-10-18 17:16:15,139,middle,FAF0A8829E39063669FA609B904E0FB8D5E1F23F,Najdorf,49.12.57.133,UNKNOWN,Germany,AS24940 Hetzner Online GmbH
2025-10-18 17:16:15,139,exit,49DBE8BF39A7845BD222FB9BE1596BF71BC7B7EC,Echolot22,37.59.108.68,UNKNOWN,France,AS16276 OVH SAS
2025-10-18 17:16:15,139,guard,727EDD6ED7E462532417034475C16E552F14E7E3,Bluejaybrd,94.130.70.185,UNKNOWN,Germany,AS24940 Hetzner Online GmbH
2025-10-18 17:16:15,139,middle,FAF0A8829E39063669FA609B904E0FB8D5E1F23F,Najdorf,49.12.57.133,UNKNOWN,Germany,AS24940 Hetzner Online GmbH
2025-10-18 17:16:15,139,exit,49DBE8BF39A7845BD222FB9BE1596BF71BC7B7EC,Echolot22,37.59.108.68,UNKNOWN,France,AS16276 OVH SAS
2025-10-18 17:16:15,139,guard,727EDD6ED7E462532417034475C16E552F14E7E3,Bluejaybrd,94.130.70.185,UNKNOWN,Germany,AS24940 Hetzner Online GmbH
2025-10-18 17:16:15,139,middle,FAF0A8829E39063669FA609B904E0FB8D5E1F23F,Najdorf,49.12.57.133,UNKNOWN,Germany,AS24940 Hetzner Online GmbH
2025-10-18 17:16:15,139,exit,49DBE8BF39A7845BD222FB9BE1596BF71BC7B7EC,Echolot22,37.59.108.68,UNKNOWN,France,AS16276 OVH SAS
2025-10-18 17:16:15,139,guard,727EDD6ED7E462532417034475C16E552F14E7E3,Bluejaybrd,94.130.70.185,UNKNOWN,Germany,AS24940 Hetzner Online GmbH
2025-10-18 17:16:15,139,middle,FAF0A8829E39063669FA609B904E0FB8D5E1F23F,Najdorf,49.12.57.133,UNKNOWN,Germany,AS24940 Hetzner Online GmbH
2025-10-18 17:16:15,139,exit,49DBE8BF39A7845BD222FB9BE1596BF71BC7B7EC,Echolot22,37.59.108.68,UNKNOWN,France,AS16276 OVH SAS
2025-10-18 17:16:16,140,guard,9211C28F875BD179EA4F865A2444C441DFF75840,Nightingali,116.202.237.212,UNKNOWN,Germany,AS24940 Hetzner Online GmbH
2025-10-18 17:16:17,140,guard,9211C28F875BD179EA4F865A2444C441DFF75840,Nightingali,116.202.237.212,UNKNOWN,Germany,AS24940 Hetzner Online GmbH
2025-10-18 17:16:17,140,exit,FAF0A8829E39063669FA609B904E0FB8D5E1F23F,Najdorf,49.12.57.133,UNKNOWN,Germany,AS24940 Hetzner Online GmbH
2025-10-18 17:16:17,141,guard,9211C28F875BD179EA4F865A2444C441DFF75840,Nightingali,116.202.237.212,UNKNOWN,Germany,AS24940 Hetzner Online GmbH
2025-10-18 17:16:18,140,guard,9211C28F875BD179EA4F865A2444C441DFF75840,Nightingali,116.202.237.212,UNKNOWN,Germany,AS24940 Hetzner Online GmbH
2025-10-18 17:16:18,140,middle,FAF0A8829E39063669FA609B904E0FB8D5E1F23F,Najdorf,49.12.57.133,UNKNOWN,Germany,AS24940 Hetzner Online GmbH
2025-10-18 17:16:18,140,exit,024F328C941D12984373D8E5620CA62F6F6EB015,Taiwan,146.59.153.47,UNKNOWN,France,AS16276 OVH SAS
2025-10-18 17:16:18,140,guard,9211C28F875BD179EA4F865A2444C441DFF75840,Nightingali,116.202.237.212,UNKNOWN,Germany,AS24940 Hetzner Online GmbH
2025-10-18 17:16:18,140,middle,FAF0A8829E39063669FA609B904E0FB8D5E1F23F,Najdorf,49.12.57.133,UNKNOWN,Germany,AS24940 Hetzner Online GmbH
2025-10-18 17:16:18,140,exit,024F328C941D12984373D8E5620CA62F6F6EB015,Taiwan,146.59.153.47,UNKNOWN,France,AS16276 OVH SAS
2025-10-18 17:16:18,140,guard,9211C28F875BD179EA4F865A2444C441DFF75840,Nightingali,116.202.237.212,UNKNOWN,Germany,AS24940 Hetzner Online GmbH
2025-10-18 17:16:18,140,middle,FAF0A8829E39063669FA609B904E0FB8D5E1F23F,Najdorf,49.12.57.133,UNKNOWN,Germany,AS24940 Hetzner Online GmbH
2025-10-18 17:16:18,140,exit,024F328C941D12984373D8E5620CA62F6F6EB015,Taiwan,146.59.153.47,UNKNOWN,France,AS16276 OVH SAS
2025-10-18 17:16:18,140,guard,9211C28F875BD179EA4F865A2444C441DFF75840,Nightingali,116.202.237.212,UNKNOWN,Germany,AS24940 Hetzner Online GmbH
2025-10-18 17:16:18,140,middle,FAF0A8829E39063669FA609B904E0FB8D5E1F23F,Najdorf,49.12.57.133,UNKNOWN,Germany,AS24940 Hetzner Online GmbH
2025-10-18 17:16:18,140,exit,024F328C941D12984373D8E5620CA62F6F6EB015,Taiwan,146.59.153.47,UNKNOWN,France,AS16276 OVH SAS
2025-10-18 17:16:18,138,guard,727EDD6ED7E462532417034475C16E552F14E7E3,Bluejaybrd,94.130.70.185,UNKNOWN,Germany,AS24940 Hetzner Online GmbH
2025-10-18 17:16:18,138,middle,22BCD0DFD148209C9860C7F89907AB4DEE974A08,Fastnet,95.216.115.85,UNKNOWN,Finland,AS24940 Hetzner Online GmbH
2025-10-18 17:16:18,138,middle,F93DC96A3010079BDCE904856036588C17304BBF,MyMiddleRelay2,57.128.22.90,UNKNOWN,France,AS16276 OVH SAS
2025-10-18 17:16:18,138,exit,3D615DEF97F387631F50201FAFA6E7B67FDF3FEF,elektrobier2,46.165.254.40,UNKNOWN,Germany,AS28753 Leaseweb Deutschland GmbH
2025-10-18 17:16:18,138,guard,727EDD6ED7E462532417034475C16E552F14E7E3,Bluejaybrd,94.130.70.185,UNKNOWN,Germany,AS24940 Hetzner Online GmbH
2025-10-18 17:16:18,138,middle,22BCD0DFD148209C9860C7F89907AB4DEE974A08,Fastnet,95.216.115.85,UNKNOWN,Finland,AS24940 Hetzner Online GmbH
2025-10-18 17:16:18,138,middle,F93DC96A3010079BDCE904856036588C17304BBF,MyMiddleRelay2,57.128.22.90,UNKNOWN,France,AS16276 OVH SAS
2025-10-18 17:16:18,138,exit,3D615DEF97F387631F50201FAFA6E7B67FDF3FEF,elektrobier2,46.165.254.40,UNKNOWN,Germany,AS28753 Leaseweb Deutschland GmbH
2025-10-18 17:16:18,141,guard,9211C28F875BD179EA4F865A2444C441DFF75840,Nightingali,116.202.237.212,UNKNOWN,Germany,AS24940 Hetzner Online GmbH
2025-10-18 17:16:18,141,exit,22BCD0DFD148209C9860C7F89907AB4DEE974A08,Fastnet,95.216.115.85,UNKNOWN,Finland,AS24940 Hetzner Online GmbH
2025-10-18 17:16:18,142,guard,9211C28F875BD179EA4F865A2444C441DFF75840,Nightingali,116.202.237.212,UNKNOWN,Germany,AS24940 Hetzner Online GmbH
2025-10-18 17:16:18,141,guard,9211C28F875BD179EA4F865A2444C441DFF75840,Nightingali,116.202.237.212,UNKNOWN,Germany,AS24940 Hetzner Online GmbH
2025-10-18 17:16:18,141,middle,22BCD0DFD148209C9860C7F89907AB4DEE974A08,Fastnet,95.216.115.85,UNKNOWN,Finland,AS24940 Hetzner Online GmbH
2025-10-18 17:16:18,141,exit,50EE978766022BBC57A3C767CE2CCD4CA1AEEA50,goodr3l4y,82.165.14.89,UNKNOWN,Spain,AS8560 IONOS SE
2025-10-18 17:16:18,141,guard,9211C28F875BD179EA4F865A2444C441DFF75840,Nightingali,116.202.237.212,UNKNOWN,Germany,AS24940 Hetzner Online GmbH
2025-10-18 17:16:18,141,middle,22BCD0DFD148209C9860C7F89907AB4DEE974A08,Fastnet,95.216.115.85,UNKNOWN,Finland,AS24940 Hetzner Online GmbH
2025-10-18 17:16:18,141,exit,50EE978766022BBC57A3C767CE2CCD4CA1AEEA50,goodr3l4y,82.165.14.89,UNKNOWN,Spain,AS8560 IONOS SE
2025-10-18 17:16:19,142,guard,9211C28F875BD179EA4F865A2444C441DFF75840,Nightingali,116.202.237.212,UNKNOWN,Germany,AS24940 Hetzner Online GmbH
2025-10-18 17:16:19,142,exit,E49758CA33FCFC08C9C9F183D3D3822D703D885B,eo213,23.129.64.213,UNKNOWN,United States,AS396507 Emerald Onion
2025-10-18 17:16:20,142,guard,9211C28F875BD179EA4F865A2444C441DFF75840,Nightingali,116.202.237.212,UNKNOWN,Germany,AS24940 Hetzner Online GmbH
2025-10-18 17:16:20,142,middle,E49758CA33FCFC08C9C9F183D3D3822D703D885B,eo213,23.129.64.213,UNKNOWN,United States,AS396507 Emerald Onion
2025-10-18 17:16:20,142,exit,1D3C3EA26EFDF8C9740DDA0402CB7222BCAAAE89,lunar11,203.55.81.2,UNKNOWN,France,AS213873 OUIDO Hosting
2025-10-18 17:16:20,142,guard,9211C28F875BD179EA4F865A2444C441DFF75840,Nightingali,116.202.237.212,UNKNOWN,Germany,AS24940 Hetzner Online GmbH
2025-10-18 17:16:20,142,middle,E49758CA33FCFC08C9C9F183D3D3822D703D885B,eo213,23.129.64.213,UNKNOWN,United States,AS396507 Emerald Onion
2025-10-18 17:16:20,142,exit,1D3C3EA26EFDF8C9740DDA0402CB7222BCAAAE89,lunar11,203.55.81.2,UNKNOWN,France,AS213873 OUIDO Hosting
2025-10-18 17:16:20,142,guard,9211C28F875BD179EA4F865A2444C441DFF75840,Nightingali,116.202.237.212,UNKNOWN,Germany,AS24940 Hetzner Online GmbH
2025-10-18 17:16:20,142,middle,E49758CA33FCFC08C9C9F183D3D3822D703D885B,eo213,23.129.64.213,UNKNOWN,United States,AS396507 Emerald Onion
2025-10-18 17:16:20,142,exit,1D3C3EA26EFDF8C9740DDA0402CB7222BCAAAE89,lunar11,203.55.81.2,UNKNOWN,France,AS213873 OUIDO Hosting
2025-10-18 17:16:20,142,guard,9211C28F875BD179EA4F865A2444C441DFF75840,Nightingali,116.202.237.212,UNKNOWN,Germany,AS24940 Hetzner Online GmbH
2025-10-18 17:16:20,142,middle,E49758CA33FCFC08C9C9F183D3D3822D703D885B,eo213,23.129.64.213,UNKNOWN,United States,AS396507 Emerald Onion
2025-10-18 17:16:20,142,exit,1D3C3EA26EFDF8C9740DDA0402CB7222BCAAAE89,lunar11,203.55.81.2,UNKNOWN,France,AS213873 OUIDO Hosting
2025-10-18 17:16:20,143,guard,9211C28F875BD179EA4F865A2444C441DFF75840,Nightingali,116.202.237.212,UNKNOWN,Germany,AS24940 Hetzner Online GmbH
2025-10-18 17:16:20,144,guard,727EDD6ED7E462532417034475C16E552F14E7E3,Bluejaybrd,94.130.70.185,UNKNOWN,Germany,AS24940 Hetzner Online GmbH
2025-10-18 17:16:21,143,guard,9211C28F875BD179EA4F865A2444C441DFF75840,Nightingali,116.202.237.212,UNKNOWN,Germany,AS24940 Hetzner Online GmbH
2025-10-18 17:16:21,143,exit,E49758CA33FCFC08C9C9F183D3D3822D703D885B,eo213,23.129.64.213,UNKNOWN,United States,AS396507 Emerald Onion
2025-10-18 17:16:21,143,guard,9211C28F875BD179EA4F865A2444C441DFF75840,Nightingali,116.202.237.212,UNKNOWN,Germany,AS24940 Hetzner Online GmbH
2025-10-18 17:16:21,143,exit,E49758CA33FCFC08C9C9F183D3D3822D703D885B,eo213,23.129.64.213,UNKNOWN,United States,AS396507 Emerald Onion
2025-10-18 17:16:21,144,guard,727EDD6ED7E462532417034475C16E552F14E7E3,Bluejaybrd,94.130.70.185,UNKNOWN,Germany,AS24940 Hetzner Online GmbH
2025-10-18 17:16:21,144,exit,013ABAED8F4CDB677BE0B5212E4B2583B86035EE,b0rken,45.129.182.225,UNKNOWN,Germany,AS197540 netcup GmbH
2025-10-18 17:16:21,144,guard,727EDD6ED7E462532417034475C16E552F14E7E3,Bluejaybrd,94.130.70.185,UNKNOWN,Germany,AS24940 Hetzner Online GmbH
2025-10-18 17:16:21,144,middle,013ABAED8F4CDB677BE0B5212E4B2583B86035EE,b0rken,45.129.182.225,UNKNOWN,Germany,AS197540 netcup GmbH
2025-10-18 17:16:21,144,exit,ACEA48075308D4EF1AF394ED999E07CC23FDC08A,prsv,51.77.214.113,UNKNOWN,France,AS16276 OVH SAS
2025-10-18 17:16:21,144,guard,727EDD6ED7E462532417034475C16E552F14E7E3,Bluejaybrd,94.130.70.185,UNKNOWN,Germany,AS24940 Hetzner Online GmbH
2025-10-18 17:16:21,144,middle,013ABAED8F4CDB677BE0B5212E4B2583B86035EE,b0rken,45.129.182.225,UNKNOWN,Germany,AS197540 netcup GmbH
2025-10-18 17:16:21,144,exit,ACEA48075308D4EF1AF394ED999E07CC23FDC08A,prsv,51.77.214.113,UNKNOWN,France,AS16276 OVH SAS
2025-10-18 17:16:21,144,guard,727EDD6ED7E462532417034475C16E552F14E7E3,Bluejaybrd,94.130.70.185,UNKNOWN,Germany,AS24940 Hetzner Online GmbH
2025-10-18 17:16:21,144,middle,013ABAED8F4CDB677BE0B5212E4B2583B86035EE,b0rken,45.129.182.225,UNKNOWN,Germany,AS197540 netcup GmbH
2025-10-18 17:16:21,144,exit,ACEA48075308D4EF1AF394ED999E07CC23FDC08A,prsv,51.77.214.113,UNKNOWN,France,AS16276 OVH SAS
2025-10-18 17:16:21,144,guard,727EDD6ED7E462532417034475C16E552F14E7E3,Bluejaybrd,94.130.70.185,UNKNOWN,Germany,AS24940 Hetzner Online GmbH
2025-10-18 17:16:21,144,middle,013ABAED8F4CDB677BE0B5212E4B2583B86035EE,b0rken,45.129.182.225,UNKNOWN,Germany,AS197540 netcup GmbH
2025-10-18 17:16:21,144,exit,ACEA48075308D4EF1AF394ED999E07CC23FDC08A,prsv,51.77.214.113,UNKNOWN,France,AS16276 OVH SAS
2025-10-18 17:16:21,143,guard,9211C28F875BD179EA4F865A2444C441DFF75840,Nightingali,116.202.237.212,UNKNOWN,Germany,AS24940 Hetzner Online GmbH
2025-10-18 17:16:21,143,middle,E49758CA33FCFC08C9C9F183D3D3822D703D885B,eo213,23.129.64.213,UNKNOWN,United States,AS396507 Emerald Onion
2025-10-18 17:16:21,143,exit,14F881BE9AF2DCD66A50EC7D8D3D83A83C52E9B3,ziorufus,83.136.107.38,UNKNOWN,Italy,AS49367 Seflow s.r.l.
2025-10-18 17:16:21,143,guard,9211C28F875BD179EA4F865A2444C441DFF75840,Nightingali,116.202.237.212,UNKNOWN,Germany,AS24940 Hetzner Online GmbH
2025-10-18 17:16:21,143,middle,E49758CA33FCFC08C9C9F183D3D3822D703D885B,eo213,23.129.64.213,UNKNOWN,United States,AS396507 Emerald Onion
2025-10-18 17:16:21,143,exit,14F881BE9AF2DCD66A50EC7D8D3D83A83C52E9B3,ziorufus,83.136.107.38,UNKNOWN,Italy,AS49367 Seflow s.r.l.
2025-10-18 17:16:21,143,guard,9211C28F875BD179EA4F865A2444C441DFF75840,Nightingali,116.202.237.212,UNKNOWN,Germany,AS24940 Hetzner Online GmbH
2025-10-18 17:16:21,143,middle,E49758CA33FCFC08C9C9F183D3D3822D703D885B,eo213,23.129.64.213,UNKNOWN,United States,AS396507 Emerald Onion
2025-10-18 17:16:21,143,exit,14F881BE9AF2DCD66A50EC7D8D3D83A83C52E9B3,ziorufus,83.136.107.38,UNKNOWN,Italy,AS49367 Seflow s.r.l.
2025-10-18 17:16:21,145,guard,727EDD6ED7E462532417034475C16E552F14E7E3,Bluejaybrd,94.130.70.185,UNKNOWN,Germany,AS24940 Hetzner Online GmbH
2025-10-18 17:16:22,145,guard,727EDD6ED7E462532417034475C16E552F14E7E3,Bluejaybrd,94.130.70.185,UNKNOWN,Germany,AS24940 Hetzner Online GmbH
2025-10-18 17:16:22,145,exit,FAF0A8829E39063669FA609B904E0FB8D5E1F23F,Najdorf,49.12.57.133,UNKNOWN,Germany,AS24940 Hetzner Online GmbH
2025-10-18 17:16:22,145,guard,727EDD6ED7E462532417034475C16E552F14E7E3,Bluejaybrd,94.130.70.185,UNKNOWN,Germany,AS24940 Hetzner Online GmbH
2025-10-18 17:16:22,145,middle,FAF0A8829E39063669FA609B904E0FB8D5E1F23F,Najdorf,49.12.57.133,UNKNOWN,Germany,AS24940 Hetzner Online GmbH
2025-10-18 17:16:22,145,exit,3839E928FC8C032C536257B8D4A76625C6DB55BD,ColombianBridge,31.56.233.128,UNKNOWN,The Netherlands,AS214677 Matteo Martelloni trading as DELUXHOST
2025-10-18 17:16:22,145,guard,727EDD6ED7E462532417034475C16E552F14E7E3,Bluejaybrd,94.130.70.185,UNKNOWN,Germany,AS24940 Hetzner Online GmbH
2025-10-18 17:16:22,145,middle,FAF0A8829E39063669FA609B904E0FB8D5E1F23F,Najdorf,49.12.57.133,UNKNOWN,Germany,AS24940 Hetzner Online GmbH
2025-10-18 17:16:22,145,exit,3839E928FC8C032C536257B8D4A76625C6DB55BD,ColombianBridge,31.56.233.128,UNKNOWN,The Netherlands,AS214677 Matteo Martelloni trading as DELUXHOST
2025-10-18 17:16:23,146,guard,9211C28F875BD179EA4F865A2444C441DFF75840,Nightingali,116.202.237.212,UNKNOWN,Germany,AS24940 Hetzner Online GmbH
2025-10-18 17:16:23,146,guard,9211C28F875BD179EA4F865A2444C441DFF75840,Nightingali,116.202.237.212,UNKNOWN,Germany,AS24940 Hetzner Online GmbH
2025-10-18 17:16:23,146,exit,22BCD0DFD148209C9860C7F89907AB4DEE974A08,Fastnet,95.216.115.85,UNKNOWN,Finland,AS24940 Hetzner Online GmbH
2025-10-18 17:16:24,146,guard,9211C28F875BD179EA4F865A2444C441DFF75840,Nightingali,116.202.237.212,UNKNOWN,Germany,AS24940 Hetzner Online GmbH
2025-10-18 17:16:24,146,middle,22BCD0DFD148209C9860C7F89907AB4DEE974A08,Fastnet,95.216.115.85,UNKNOWN,Finland,AS24940 Hetzner Online GmbH
2025-10-18 17:16:24,146,exit,4381E471E9358AE4D815021302C7F2E16502BEE1,Digitalcourage4iphb,185.220.101.103,UNKNOWN,Germany,AS60729 Stiftung Erneuerbare Freiheit
2025-10-18 17:16:24,146,guard,9211C28F875BD179EA4F865A2444C441DFF75840,Nightingali,116.202.237.212,UNKNOWN,Germany,AS24940 Hetzner Online GmbH
2025-10-18 17:16:24,146,middle,22BCD0DFD148209C9860C7F89907AB4DEE974A08,Fastnet,95.216.115.85,UNKNOWN,Finland,AS24940 Hetzner Online GmbH
2025-10-18 17:16:24,146,exit,4381E471E9358AE4D815021302C7F2E16502BEE1,Digitalcourage4iphb,185.220.101.103,UNKNOWN,Germany,AS60729 Stiftung Erneuerbare Freiheit
2025-10-18 17:16:24,146,guard,9211C28F875BD179EA4F865A2444C441DFF75840,Nightingali,116.202.237.212,UNKNOWN,Germany,AS24940 Hetzner Online GmbH
2025-10-18 17:16:24,146,middle,22BCD0DFD148209C9860C7F89907AB4DEE974A08,Fastnet,95.216.115.85,UNKNOWN,Finland,AS24940 Hetzner Online GmbH
2025-10-18 17:16:24,146,exit,4381E471E9358AE4D815021302C7F2E16502BEE1,Digitalcourage4iphb,185.220.101.103,UNKNOWN,Germany,AS60729 Stiftung Erneuerbare Freiheit
2025-10-18 17:16:24,146,guard,9211C28F875BD179EA4F865A2444C441DFF75840,Nightingali,116.202.237.212,UNKNOWN,Germany,AS24940 Hetzner Online GmbH
2025-10-18 17:16:24,146,middle,22BCD0DFD148209C9860C7F89907AB4DEE974A08,Fastnet,95.216.115.85,UNKNOWN,Finland,AS24940 Hetzner Online GmbH
2025-10-18 17:16:24,146,exit,4381E471E9358AE4D815021302C7F2E16502BEE1,Digitalcourage4iphb,185.220.101.103,UNKNOWN,Germany,AS60729 Stiftung Erneuerbare Freiheit
2025-10-18 17:16:25,148,guard,727EDD6ED7E462532417034475C16E552F14E7E3,Bluejaybrd,94.130.70.185,UNKNOWN,Germany,AS24940 Hetzner Online GmbH
2025-10-18 17:16:25,147,guard,727EDD6ED7E462532417034475C16E552F14E7E3,Bluejaybrd,94.130.70.185,UNKNOWN,Germany,AS24940 Hetzner Online GmbH
2025-10-18 17:16:25,148,guard,727EDD6ED7E462532417034475C16E552F14E7E3,Bluejaybrd,94.130.70.185,UNKNOWN,Germany,AS24940 Hetzner Online GmbH
2025-10-18 17:16:25,148,exit,FAF0A8829E39063669FA609B904E0FB8D5E1F23F,Najdorf,49.12.57.133,UNKNOWN,Germany,AS24940 Hetzner Online GmbH
2025-10-18 17:16:25,147,guard,727EDD6ED7E462532417034475C16E552F14E7E3,Bluejaybrd,94.130.70.185,UNKNOWN,Germany,AS24940 Hetzner Online GmbH
2025-10-18 17:16:25,147,exit,A1A78BE5F0A6698301913D08DDB76535D5E6D2AA,Objedkowa,185.246.188.73,UNKNOWN,The Netherlands,AS200651 FlokiNET ehf
2025-10-18 17:16:25,147,guard,727EDD6ED7E462532417034475C16E552F14E7E3,Bluejaybrd,94.130.70.185,UNKNOWN,Germany,AS24940 Hetzner Online GmbH
2025-10-18 17:16:25,147,middle,A1A78BE5F0A6698301913D08DDB76535D5E6D2AA,Objedkowa,185.246.188.73,UNKNOWN,The Netherlands,AS200651 FlokiNET ehf
2025-10-18 17:16:25,147,exit,762213D327B0A76057F4B61CD587ED4238CD900E,Digitalcourage4ip6b,185.220.101.109,UNKNOWN,Germany,AS60729 Stiftung Erneuerbare Freiheit
2025-10-18 17:16:25,147,guard,727EDD6ED7E462532417034475C16E552F14E7E3,Bluejaybrd,94.130.70.185,UNKNOWN,Germany,AS24940 Hetzner Online GmbH
2025-10-18 17:16:25,147,middle,A1A78BE5F0A6698301913D08DDB76535D5E6D2AA,Objedkowa,185.246.188.73,UNKNOWN,The Netherlands,AS200651 FlokiNET ehf
2025-10-18 17:16:25,147,exit,762213D327B0A76057F4B61CD587ED4238CD900E,Digitalcourage4ip6b,185.220.101.109,UNKNOWN,Germany,AS60729 Stiftung Erneuerbare Freiheit
2025-10-18 17:16:25,148,guard,727EDD6ED7E462532417034475C16E552F14E7E3,Bluejaybrd,94.130.70.185,UNKNOWN,Germany,AS24940 Hetzner Online GmbH
2025-10-18 17:16:25,148,middle,FAF0A8829E39063669FA609B904E0FB8D5E1F23F,Najdorf,49.12.57.133,UNKNOWN,Germany,AS24940 Hetzner Online GmbH
2025-10-18 17:16:25,148,exit,117286A3F5DF7275F2EB1F28D8AAC72772D84939,QuakeVISOR,5.199.162.73,UNKNOWN,Lithuania,AS16125 UAB Cherry Servers
2025-10-18 17:16:25,148,guard,727EDD6ED7E462532417034475C16E552F14E7E3,Bluejaybrd,94.130.70.185,UNKNOWN,Germany,AS24940 Hetzner Online GmbH
2025-10-18 17:16:25,148,middle,FAF0A8829E39063669FA609B904E0FB8D5E1F23F,Najdorf,49.12.57.133,UNKNOWN,Germany,AS24940 Hetzner Online GmbH
2025-10-18 17:16:25,148,exit,117286A3F5DF7275F2EB1F28D8AAC72772D84939,QuakeVISOR,5.199.162.73,UNKNOWN,Lithuania,AS16125 UAB Cherry Servers
2025-10-18 17:16:44,149,guard,727EDD6ED7E462532417034475C16E552F14E7E3,Bluejaybrd,94.130.70.185,UNKNOWN,Germany,AS24940 Hetzner Online GmbH
2025-10-18 17:16:44,149,guard,727EDD6ED7E462532417034475C16E552F14E7E3,Bluejaybrd,94.130.70.185,UNKNOWN,Germany,AS24940 Hetzner Online GmbH
2025-10-18 17:16:44,149,exit,B264383771E88077F334A070734E095E2D671B3B,iLoveBunnies,69.12.83.95,UNKNOWN,Estonia,AS207083 HostSlim B.V.
2025-10-18 17:16:44,149,guard,727EDD6ED7E462532417034475C16E552F14E7E3,Bluejaybrd,94.130.70.185,UNKNOWN,Germany,AS24940 Hetzner Online GmbH
2025-10-18 17:16:44,149,exit,B264383771E88077F334A070734E095E2D671B3B,iLoveBunnies,69.12.83.95,UNKNOWN,Estonia,AS207083 HostSlim B.V.
2025-10-18 17:16:45,149,guard,727EDD6ED7E462532417034475C16E552F14E7E3,Bluejaybrd,94.130.70.185,UNKNOWN,Germany,AS24940 Hetzner Online GmbH
2025-10-18 17:16:45,149,middle,B264383771E88077F334A070734E095E2D671B3B,iLoveBunnies,69.12.83.95,UNKNOWN,Estonia,AS207083 HostSlim B.V.
2025-10-18 17:16:45,149,exit,F0C802BA1D2379EBE4F86037A752015627C87E08,relayon0130,185.220.101.130,UNKNOWN,Germany,AS60729 Stiftung Erneuerbare Freiheit
2025-10-18 17:16:45,149,guard,727EDD6ED7E462532417034475C16E552F14E7E3,Bluejaybrd,94.130.70.185,UNKNOWN,Germany,AS24940 Hetzner Online GmbH
2025-10-18 17:16:45,149,middle,B264383771E88077F334A070734E095E2D671B3B,iLoveBunnies,69.12.83.95,UNKNOWN,Estonia,AS207083 HostSlim B.V.
2025-10-18 17:16:45,149,exit,F0C802BA1D2379EBE4F86037A752015627C87E08,relayon0130,185.220.101.130,UNKNOWN,Germany,AS60729 Stiftung Erneuerbare Freiheit
2025-10-18 17:16:45,149,guard,727EDD6ED7E462532417034475C16E552F14E7E3,Bluejaybrd,94.130.70.185,UNKNOWN,Germany,AS24940 Hetzner Online GmbH
2025-10-18 17:16:45,149,middle,B264383771E88077F334A070734E095E2D671B3B,iLoveBunnies,69.12.83.95,UNKNOWN,Estonia,AS207083 HostSlim B.V.
2025-10-18 17:16:45,149,exit,F0C802BA1D2379EBE4F86037A752015627C87E08,relayon0130,185.220.101.130,UNKNOWN,Germany,AS60729 Stiftung Erneuerbare Freiheit
2025-10-18 17:16:45,150,guard,727EDD6ED7E462532417034475C16E552F14E7E3,Bluejaybrd,94.130.70.185,UNKNOWN,Germany,AS24940 Hetzner Online GmbH
2025-10-18 17:16:45,150,guard,727EDD6ED7E462532417034475C16E552F14E7E3,Bluejaybrd,94.130.70.185,UNKNOWN,Germany,AS24940 Hetzner Online GmbH
2025-10-18 17:16:45,150,exit,8BBB78CEFDB03B3A919743F693BEC2A0C81D0417,Freelay,212.227.52.236,UNKNOWN,France,AS8560 IONOS SE
2025-10-18 17:16:46,150,guard,727EDD6ED7E462532417034475C16E552F14E7E3,Bluejaybrd,94.130.70.185,UNKNOWN,Germany,AS24940 Hetzner Online GmbH
2025-10-18 17:16:46,150,middle,8BBB78CEFDB03B3A919743F693BEC2A0C81D0417,Freelay,212.227.52.236,UNKNOWN,France,AS8560 IONOS SE
2025-10-18 17:16:46,150,exit,DF4E4ADB8035B3AEB6B426A6A44DDE691810EB51,Aramis,45.138.16.231,UNKNOWN,Poland,AS210558 1337 Services GmbH
2025-10-18 17:16:46,150,guard,727EDD6ED7E462532417034475C16E552F14E7E3,Bluejaybrd,94.130.70.185,UNKNOWN,Germany,AS24940 Hetzner Online GmbH
2025-10-18 17:16:46,150,middle,8BBB78CEFDB03B3A919743F693BEC2A0C81D0417,Freelay,212.227.52.236,UNKNOWN,France,AS8560 IONOS SE
2025-10-18 17:16:46,150,exit,DF4E4ADB8035B3AEB6B426A6A44DDE691810EB51,Aramis,45.138.16.231,UNKNOWN,Poland,AS210558 1337 Services GmbH
2025-10-18 17:16:48,148,guard,727EDD6ED7E462532417034475C16E552F14E7E3,Bluejaybrd,94.130.70.185,UNKNOWN,Germany,AS24940 Hetzner Online GmbH
2025-10-18 17:16:48,148,middle,FAF0A8829E39063669FA609B904E0FB8D5E1F23F,Najdorf,49.12.57.133,UNKNOWN,Germany,AS24940 Hetzner Online GmbH
2025-10-18 17:16:48,148,middle,117286A3F5DF7275F2EB1F28D8AAC72772D84939,QuakeVISOR,5.199.162.73,UNKNOWN,Lithuania,AS16125 UAB Cherry Servers
2025-10-18 17:16:48,148,exit,044EB3B1DB4E6A8D2A931BC005DDE3E318E65E82,ioexploitR09,158.69.48.19,UNKNOWN,Canada,AS16276 OVH SAS
2025-10-18 17:16:48,148,guard,727EDD6ED7E462532417034475C16E552F14E7E3,Bluejaybrd,94.130.70.185,UNKNOWN,Germany,AS24940 Hetzner Online GmbH
2025-10-18 17:16:48,148,middle,FAF0A8829E39063669FA609B904E0FB8D5E1F23F,Najdorf,49.12.57.133,UNKNOWN,Germany,AS24940 Hetzner Online GmbH
2025-10-18 17:16:48,148,middle,117286A3F5DF7275F2EB1F28D8AAC72772D84939,QuakeVISOR,5.199.162.73,UNKNOWN,Lithuania,AS16125 UAB Cherry Servers
2025-10-18 17:16:48,148,exit,044EB3B1DB4E6A8D2A931BC005DDE3E318E65E82,ioexploitR09,158.69.48.19,UNKNOWN,Canada,AS16276 OVH SAS
2025-10-18 17:16:49,151,guard,9211C28F875BD179EA4F865A2444C441DFF75840,Nightingali,116.202.237.212,UNKNOWN,Germany,AS24940 Hetzner Online GmbH
2025-10-18 17:16:49,151,guard,9211C28F875BD179EA4F865A2444C441DFF75840,Nightingali,116.202.237.212,UNKNOWN,Germany,AS24940 Hetzner Online GmbH
2025-10-18 17:16:49,151,exit,013ABAED8F4CDB677BE0B5212E4B2583B86035EE,b0rken,45.129.182.225,UNKNOWN,Germany,AS197540 netcup GmbH
2025-10-18 17:16:50,151,guard,9211C28F875BD179EA4F865A2444C441DFF75840,Nightingali,116.202.237.212,UNKNOWN,Germany,AS24940 Hetzner Online GmbH
2025-10-18 17:16:50,151,middle,013ABAED8F4CDB677BE0B5212E4B2583B86035EE,b0rken,45.129.182.225,UNKNOWN,Germany,AS197540 netcup GmbH
2025-10-18 17:16:50,151,exit,47EE234AD2EE2AA475D537DDC393AF4EA3139A1D,Kyiv,141.105.130.188,UNKNOWN,Ukraine,AS214379 South Park Networks LLC
2025-10-18 17:16:50,151,guard,9211C28F875BD179EA4F865A2444C441DFF75840,Nightingali,116.202.237.212,UNKNOWN,Germany,AS24940 Hetzner Online GmbH
2025-10-18 17:16:50,151,middle,013ABAED8F4CDB677BE0B5212E4B2583B86035EE,b0rken,45.129.182.225,UNKNOWN,Germany,AS197540 netcup GmbH
2025-10-18 17:16:50,151,exit,47EE234AD2EE2AA475D537DDC393AF4EA3139A1D,Kyiv,141.105.130.188,UNKNOWN,Ukraine,AS214379 South Park Networks LLC
2025-10-18 17:16:50,151,guard,9211C28F875BD179EA4F865A2444C441DFF75840,Nightingali,116.202.237.212,UNKNOWN,Germany,AS24940 Hetzner Online GmbH
2025-10-18 17:16:50,151,middle,013ABAED8F4CDB677BE0B5212E4B2583B86035EE,b0rken,45.129.182.225,UNKNOWN,Germany,AS197540 netcup GmbH
2025-10-18 17:16:50,151,exit,47EE234AD2EE2AA475D537DDC393AF4EA3139A1D,Kyiv,141.105.130.188,UNKNOWN,Ukraine,AS214379 South Park Networks LLC
2025-10-18 17:16:50,151,guard,9211C28F875BD179EA4F865A2444C441DFF75840,Nightingali,116.202.237.212,UNKNOWN,Germany,AS24940 Hetzner Online GmbH
2025-10-18 17:16:50,151,middle,013ABAED8F4CDB677BE0B5212E4B2583B86035EE,b0rken,45.129.182.225,UNKNOWN,Germany,AS197540 netcup GmbH
2025-10-18 17:16:50,151,exit,47EE234AD2EE2AA475D537DDC393AF4EA3139A1D,Kyiv,141.105.130.188,UNKNOWN,Ukraine,AS214379 South Park Networks LLC
2025-10-18 17:16:50,145,guard,727EDD6ED7E462532417034475C16E552F14E7E3,Bluejaybrd,94.130.70.185,UNKNOWN,Germany,AS24940 Hetzner Online GmbH
2025-10-18 17:16:50,145,middle,FAF0A8829E39063669FA609B904E0FB8D5E1F23F,Najdorf,49.12.57.133,UNKNOWN,Germany,AS24940 Hetzner Online GmbH
2025-10-18 17:16:50,145,exit,3839E928FC8C032C536257B8D4A76625C6DB55BD,ColombianBridge,31.56.233.128,UNKNOWN,The Netherlands,AS214677 Matteo Martelloni trading as DELUXHOST
2025-10-18 17:16:50,152,guard,9211C28F875BD179EA4F865A2444C441DFF75840,Nightingali,116.202.237.212,UNKNOWN,Germany,AS24940 Hetzner Online GmbH
2025-10-18 17:16:51,141,guard,9211C28F875BD179EA4F865A2444C441DFF75840,Nightingali,116.202.237.212,UNKNOWN,Germany,AS24940 Hetzner Online GmbH
2025-10-18 17:16:51,141,middle,22BCD0DFD148209C9860C7F89907AB4DEE974A08,Fastnet,95.216.115.85,UNKNOWN,Finland,AS24940 Hetzner Online GmbH
2025-10-18 17:16:51,141,middle,50EE978766022BBC57A3C767CE2CCD4CA1AEEA50,goodr3l4y,82.165.14.89,UNKNOWN,Spain,AS8560 IONOS SE
2025-10-18 17:16:51,141,exit,48243ABBD96A0F1398F1ED3EE3AFDD25D320D51F,GOGRelayAlb9,45.156.87.164,UNKNOWN,The Netherlands,AS51396 Pfcloud UG
2025-10-18 17:16:51,141,guard,9211C28F875BD179EA4F865A2444C441DFF75840,Nightingali,116.202.237.212,UNKNOWN,Germany,AS24940 Hetzner Online GmbH
2025-10-18 17:16:51,141,middle,22BCD0DFD148209C9860C7F89907AB4DEE974A08,Fastnet,95.216.115.85,UNKNOWN,Finland,AS24940 Hetzner Online GmbH
2025-10-18 17:16:51,141,middle,50EE978766022BBC57A3C767CE2CCD4CA1AEEA50,goodr3l4y,82.165.14.89,UNKNOWN,Spain,AS8560 IONOS SE
2025-10-18 17:16:51,141,exit,48243ABBD96A0F1398F1ED3EE3AFDD25D320D51F,GOGRelayAlb9,45.156.87.164,UNKNOWN,The Netherlands,AS51396 Pfcloud UG
2025-10-18 17:16:51,152,guard,9211C28F875BD179EA4F865A2444C441DFF75840,Nightingali,116.202.237.212,UNKNOWN,Germany,AS24940 Hetzner Online GmbH
2025-10-18 17:16:51,152,exit,FAF0A8829E39063669FA609B904E0FB8D5E1F23F,Najdorf,49.12.57.133,UNKNOWN,Germany,AS24940 Hetzner Online GmbH
2025-10-18 17:16:51,153,guard,727EDD6ED7E462532417034475C16E552F14E7E3,Bluejaybrd,94.130.70.185,UNKNOWN,Germany,AS24940 Hetzner Online GmbH
2025-10-18 17:16:52,153,guard,727EDD6ED7E462532417034475C16E552F14E7E3,Bluejaybrd,94.130.70.185,UNKNOWN,Germany,AS24940 Hetzner Online GmbH
2025-10-18 17:16:52,153,exit,FAF0A8829E39063669FA609B904E0FB8D5E1F23F,Najdorf,49.12.57.133,UNKNOWN,Germany,AS24940 Hetzner Online GmbH
2025-10-18 17:16:52,141,guard,9211C28F875BD179EA4F865A2444C441DFF75840,Nightingali,116.202.237.212,UNKNOWN,Germany,AS24940 Hetzner Online GmbH
2025-10-18 17:16:52,141,middle,22BCD0DFD148209C9860C7F89907AB4DEE974A08,Fastnet,95.216.115.85,UNKNOWN,Finland,AS24940 Hetzner Online GmbH
2025-10-18 17:16:52,141,middle,50EE978766022BBC57A3C767CE2CCD4CA1AEEA50,goodr3l4y,82.165.14.89,UNKNOWN,Spain,AS8560 IONOS SE
2025-10-18 17:16:52,141,exit,48243ABBD96A0F1398F1ED3EE3AFDD25D320D51F,GOGRelayAlb9,45.156.87.164,UNKNOWN,The Netherlands,AS51396 Pfcloud UG
2025-10-18 17:16:52,152,guard,9211C28F875BD179EA4F865A2444C441DFF75840,Nightingali,116.202.237.212,UNKNOWN,Germany,AS24940 Hetzner Online GmbH
2025-10-18 17:16:52,152,exit,FAF0A8829E39063669FA609B904E0FB8D5E1F23F,Najdorf,49.12.57.133,UNKNOWN,Germany,AS24940 Hetzner Online GmbH
2025-10-18 17:16:52,153,guard,727EDD6ED7E462532417034475C16E552F14E7E3,Bluejaybrd,94.130.70.185,UNKNOWN,Germany,AS24940 Hetzner Online GmbH
2025-10-18 17:16:52,153,middle,FAF0A8829E39063669FA609B904E0FB8D5E1F23F,Najdorf,49.12.57.133,UNKNOWN,Germany,AS24940 Hetzner Online GmbH
2025-10-18 17:16:52,153,exit,9E1900A44B2AA98FF1ECE4A6640ADC586D0299F0,RelayImmerscharf,85.215.151.54,UNKNOWN,Germany,AS8560 IONOS SE
2025-10-18 17:16:52,153,guard,727EDD6ED7E462532417034475C16E552F14E7E3,Bluejaybrd,94.130.70.185,UNKNOWN,Germany,AS24940 Hetzner Online GmbH
2025-10-18 17:16:52,153,middle,FAF0A8829E39063669FA609B904E0FB8D5E1F23F,Najdorf,49.12.57.133,UNKNOWN,Germany,AS24940 Hetzner Online GmbH
2025-10-18 17:16:52,153,exit,9E1900A44B2AA98FF1ECE4A6640ADC586D0299F0,RelayImmerscharf,85.215.151.54,UNKNOWN,Germany,AS8560 IONOS SE
2025-10-18 17:16:52,154,guard,727EDD6ED7E462532417034475C16E552F14E7E3,Bluejaybrd,94.130.70.185,UNKNOWN,Germany,AS24940 Hetzner Online GmbH
2025-10-18 17:16:53,154,guard,727EDD6ED7E462532417034475C16E552F14E7E3,Bluejaybrd,94.130.70.185,UNKNOWN,Germany,AS24940 Hetzner Online GmbH
2025-10-18 17:16:53,154,exit,22BCD0DFD148209C9860C7F89907AB4DEE974A08,Fastnet,95.216.115.85,UNKNOWN,Finland,AS24940 Hetzner Online GmbH
2025-10-18 17:16:54,154,guard,727EDD6ED7E462532417034475C16E552F14E7E3,Bluejaybrd,94.130.70.185,UNKNOWN,Germany,AS24940 Hetzner Online GmbH
2025-10-18 17:16:54,154,middle,22BCD0DFD148209C9860C7F89907AB4DEE974A08,Fastnet,95.216.115.85,UNKNOWN,Finland,AS24940 Hetzner Online GmbH
2025-10-18 17:16:54,154,exit,5C31B868E0F5854D29D93A18497C2CA92766AB2C,KinkyTronicTR2,194.164.201.234,UNKNOWN,Germany,AS8560 IONOS SE
2025-10-18 17:16:54,154,guard,727EDD6ED7E462532417034475C16E552F14E7E3,Bluejaybrd,94.130.70.185,UNKNOWN,Germany,AS24940 Hetzner Online GmbH
2025-10-18 17:16:54,154,middle,22BCD0DFD148209C9860C7F89907AB4DEE974A08,Fastnet,95.216.115.85,UNKNOWN,Finland,AS24940 Hetzner Online GmbH
2025-10-18 17:16:54,154,exit,5C31B868E0F5854D29D93A18497C2CA92766AB2C,KinkyTronicTR2,194.164.201.234,UNKNOWN,Germany,AS8560 IONOS SE
2025-10-18 17:16:54,154,guard,727EDD6ED7E462532417034475C16E552F14E7E3,Bluejaybrd,94.130.70.185,UNKNOWN,Germany,AS24940 Hetzner Online GmbH
2025-10-18 17:16:54,154,middle,22BCD0DFD148209C9860C7F89907AB4DEE974A08,Fastnet,95.216.115.85,UNKNOWN,Finland,AS24940 Hetzner Online GmbH
2025-10-18 17:16:54,154,exit,5C31B868E0F5854D29D93A18497C2CA92766AB2C,KinkyTronicTR2,194.164.201.234,UNKNOWN,Germany,AS8560 IONOS SE
2025-10-18 17:16:54,154,guard,727EDD6ED7E462532417034475C16E552F14E7E3,Bluejaybrd,94.130.70.185,UNKNOWN,Germany,AS24940 Hetzner Online GmbH
2025-10-18 17:16:54,154,middle,22BCD0DFD148209C9860C7F89907AB4DEE974A08,Fastnet,95.216.115.85,UNKNOWN,Finland,AS24940 Hetzner Online GmbH
2025-10-18 17:16:54,154,exit,5C31B868E0F5854D29D93A18497C2CA92766AB2C,KinkyTronicTR2,194.164.201.234,UNKNOWN,Germany,AS8560 IONOS SE
2025-10-18 17:16:54,155,guard,9211C28F875BD179EA4F865A2444C441DFF75840,Nightingali,116.202.237.212,UNKNOWN,Germany,AS24940 Hetzner Online GmbH
2025-10-18 17:16:54,155,guard,9211C28F875BD179EA4F865A2444C441DFF75840,Nightingali,116.202.237.212,UNKNOWN,Germany,AS24940 Hetzner Online GmbH
2025-10-18 17:16:54,155,exit,22BCD0DFD148209C9860C7F89907AB4DEE974A08,Fastnet,95.216.115.85,UNKNOWN,Finland,AS24940 Hetzner Online GmbH
2025-10-18 17:16:54,156,guard,727EDD6ED7E462532417034475C16E552F14E7E3,Bluejaybrd,94.130.70.185,UNKNOWN,Germany,AS24940 Hetzner Online GmbH
2025-10-18 17:16:55,156,guard,727EDD6ED7E462532417034475C16E552F14E7E3,Bluejaybrd,94.130.70.185,UNKNOWN,Germany,AS24940 Hetzner Online GmbH
2025-10-18 17:16:55,156,exit,E49758CA33FCFC08C9C9F183D3D3822D703D885B,eo213,23.129.64.213,UNKNOWN,United States,AS396507 Emerald Onion
2025-10-18 17:16:55,155,guard,9211C28F875BD179EA4F865A2444C441DFF75840,Nightingali,116.202.237.212,UNKNOWN,Germany,AS24940 Hetzner Online GmbH
2025-10-18 17:16:55,155,exit,22BCD0DFD148209C9860C7F89907AB4DEE974A08,Fastnet,95.216.115.85,UNKNOWN,Finland,AS24940 Hetzner Online GmbH
2025-10-18 17:16:55,155,guard,9211C28F875BD179EA4F865A2444C441DFF75840,Nightingali,116.202.237.212,UNKNOWN,Germany,AS24940 Hetzner Online GmbH
2025-10-18 17:16:55,155,middle,22BCD0DFD148209C9860C7F89907AB4DEE974A08,Fastnet,95.216.115.85,UNKNOWN,Finland,AS24940 Hetzner Online GmbH
2025-10-18 17:16:55,155,exit,C26AF1347BCBB31E20089FBF9C338B0843FC171D,Esquie,45.140.165.138,UNKNOWN,France,AS208226 OUIHEBERG SARL
2025-10-18 17:16:55,155,guard,9211C28F875BD179EA4F865A2444C441DFF75840,Nightingali,116.202.237.212,UNKNOWN,Germany,AS24940 Hetzner Online GmbH
2025-10-18 17:16:55,155,middle,22BCD0DFD148209C9860C7F89907AB4DEE974A08,Fastnet,95.216.115.85,UNKNOWN,Finland,AS24940 Hetzner Online GmbH
2025-10-18 17:16:55,155,exit,C26AF1347BCBB31E20089FBF9C338B0843FC171D,Esquie,45.140.165.138,UNKNOWN,France,AS208226 OUIHEBERG SARL
2025-10-18 17:16:55,155,guard,9211C28F875BD179EA4F865A2444C441DFF75840,Nightingali,116.202.237.212,UNKNOWN,Germany,AS24940 Hetzner Online GmbH
2025-10-18 17:16:55,155,middle,22BCD0DFD148209C9860C7F89907AB4DEE974A08,Fastnet,95.216.115.85,UNKNOWN,Finland,AS24940 Hetzner Online GmbH
2025-10-18 17:16:55,155,exit,C26AF1347BCBB31E20089FBF9C338B0843FC171D,Esquie,45.140.165.138,UNKNOWN,France,AS208226 OUIHEBERG SARL
2025-10-18 17:16:56,157,guard,727EDD6ED7E462532417034475C16E552F14E7E3,Bluejaybrd,94.130.70.185,UNKNOWN,Germany,AS24940 Hetzner Online GmbH
2025-10-18 17:16:56,156,guard,727EDD6ED7E462532417034475C16E552F14E7E3,Bluejaybrd,94.130.70.185,UNKNOWN,Germany,AS24940 Hetzner Online GmbH
2025-10-18 17:16:56,156,middle,E49758CA33FCFC08C9C9F183D3D3822D703D885B,eo213,23.129.64.213,UNKNOWN,United States,AS396507 Emerald Onion
2025-10-18 17:16:56,156,exit,3BFB3C1C19B5E40D3889093DBD39000FE1D66FF3,BambooRat,23.105.174.243,UNKNOWN,United States,"AS30633 Leaseweb USA, Inc."
2025-10-18 17:16:56,156,guard,727EDD6ED7E462532417034475C16E552F14E7E3,Bluejaybrd,94.130.70.185,UNKNOWN,Germany,AS24940 Hetzner Online GmbH
2025-10-18 17:16:56,156,middle,E49758CA33FCFC08C9C9F183D3D3822D703D885B,eo213,23.129.64.213,UNKNOWN,United States,AS396507 Emerald Onion
2025-10-18 17:16:56,156,exit,3BFB3C1C19B5E40D3889093DBD39000FE1D66FF3,BambooRat,23.105.174.243,UNKNOWN,United States,"AS30633 Leaseweb USA, Inc."
2025-10-18 17:16:56,156,guard,727EDD6ED7E462532417034475C16E552F14E7E3,Bluejaybrd,94.130.70.185,UNKNOWN,Germany,AS24940 Hetzner Online GmbH
2025-10-18 17:16:56,156,middle,E49758CA33FCFC08C9C9F183D3D3822D703D885B,eo213,23.129.64.213,UNKNOWN,United States,AS396507 Emerald Onion
2025-10-18 17:16:56,156,exit,3BFB3C1C19B5E40D3889093DBD39000FE1D66FF3,BambooRat,23.105.174.243,UNKNOWN,United States,"AS30633 Leaseweb USA, Inc."
2025-10-18 17:16:56,156,guard,727EDD6ED7E462532417034475C16E552F14E7E3,Bluejaybrd,94.130.70.185,UNKNOWN,Germany,AS24940 Hetzner Online GmbH
2025-10-18 17:16:56,156,middle,E49758CA33FCFC08C9C9F183D3D3822D703D885B,eo213,23.129.64.213,UNKNOWN,United States,AS396507 Emerald Onion
2025-10-18 17:16:56,156,exit,3BFB3C1C19B5E40D3889093DBD39000FE1D66FF3,BambooRat,23.105.174.243,UNKNOWN,United States,"AS30633 Leaseweb USA, Inc."
2025-10-18 17:16:56,157,guard,727EDD6ED7E462532417034475C16E552F14E7E3,Bluejaybrd,94.130.70.185,UNKNOWN,Germany,AS24940 Hetzner Online GmbH
2025-10-18 17:16:56,157,exit,FAF0A8829E39063669FA609B904E0FB8D5E1F23F,Najdorf,49.12.57.133,UNKNOWN,Germany,AS24940 Hetzner Online GmbH
2025-10-18 17:16:57,158,guard,727EDD6ED7E462532417034475C16E552F14E7E3,Bluejaybrd,94.130.70.185,UNKNOWN,Germany,AS24940 Hetzner Online GmbH
2025-10-18 17:16:57,157,guard,727EDD6ED7E462532417034475C16E552F14E7E3,Bluejaybrd,94.130.70.185,UNKNOWN,Germany,AS24940 Hetzner Online GmbH
2025-10-18 17:16:57,157,middle,FAF0A8829E39063669FA609B904E0FB8D5E1F23F,Najdorf,49.12.57.133,UNKNOWN,Germany,AS24940 Hetzner Online GmbH
2025-10-18 17:16:57,157,exit,20B31CF54C093348A2D427DD1EBA26EFF998FB78,TorZurFreiheit1,152.53.115.49,UNKNOWN,Germany,AS197540 netcup GmbH
2025-10-18 17:16:57,157,guard,727EDD6ED7E462532417034475C16E552F14E7E3,Bluejaybrd,94.130.70.185,UNKNOWN,Germany,AS24940 Hetzner Online GmbH
2025-10-18 17:16:57,157,middle,FAF0A8829E39063669FA609B904E0FB8D5E1F23F,Najdorf,49.12.57.133,UNKNOWN,Germany,AS24940 Hetzner Online GmbH
2025-10-18 17:16:57,157,exit,20B31CF54C093348A2D427DD1EBA26EFF998FB78,TorZurFreiheit1,152.53.115.49,UNKNOWN,Germany,AS197540 netcup GmbH
2025-10-18 17:16:57,157,guard,727EDD6ED7E462532417034475C16E552F14E7E3,Bluejaybrd,94.130.70.185,UNKNOWN,Germany,AS24940 Hetzner Online GmbH
2025-10-18 17:16:57,157,middle,FAF0A8829E39063669FA609B904E0FB8D5E1F23F,Najdorf,49.12.57.133,UNKNOWN,Germany,AS24940 Hetzner Online GmbH
2025-10-18 17:16:57,157,exit,20B31CF54C093348A2D427DD1EBA26EFF998FB78,TorZurFreiheit1,152.53.115.49,UNKNOWN,Germany,AS197540 netcup GmbH
2025-10-18 17:16:57,157,guard,727EDD6ED7E462532417034475C16E552F14E7E3,Bluejaybrd,94.130.70.185,UNKNOWN,Germany,AS24940 Hetzner Online GmbH
2025-10-18 17:16:57,157,middle,FAF0A8829E39063669FA609B904E0FB8D5E1F23F,Najdorf,49.12.57.133,UNKNOWN,Germany,AS24940 Hetzner Online GmbH
2025-10-18 17:16:57,157,exit,20B31CF54C093348A2D427DD1EBA26EFF998FB78,TorZurFreiheit1,152.53.115.49,UNKNOWN,Germany,AS197540 netcup GmbH
2025-10-18 17:16:57,158,guard,727EDD6ED7E462532417034475C16E552F14E7E3,Bluejaybrd,94.130.70.185,UNKNOWN,Germany,AS24940 Hetzner Online GmbH
2025-10-18 17:16:57,158,exit,FAF0A8829E39063669FA609B904E0FB8D5E1F23F,Najdorf,49.12.57.133,UNKNOWN,Germany,AS24940 Hetzner Online GmbH
2025-10-18 17:16:58,159,guard,727EDD6ED7E462532417034475C16E552F14E7E3,Bluejaybrd,94.130.70.185,UNKNOWN,Germany,AS24940 Hetzner Online GmbH
2025-10-18 17:16:58,158,guard,727EDD6ED7E462532417034475C16E552F14E7E3,Bluejaybrd,94.130.70.185,UNKNOWN,Germany,AS24940 Hetzner Online GmbH
2025-10-18 17:16:58,158,exit,FAF0A8829E39063669FA609B904E0FB8D5E1F23F,Najdorf,49.12.57.133,UNKNOWN,Germany,AS24940 Hetzner Online GmbH
2025-10-18 17:16:58,158,guard,727EDD6ED7E462532417034475C16E552F14E7E3,Bluejaybrd,94.130.70.185,UNKNOWN,Germany,AS24940 Hetzner Online GmbH
2025-10-18 17:16:58,158,middle,FAF0A8829E39063669FA609B904E0FB8D5E1F23F,Najdorf,49.12.57.133,UNKNOWN,Germany,AS24940 Hetzner Online GmbH
2025-10-18 17:16:58,158,exit,ACBF3D504CFF3D74D1991AFDF6AC070606232B10,centorLyon,82.64.20.171,UNKNOWN,France,AS12322 Free SAS
2025-10-18 17:16:58,158,guard,727EDD6ED7E462532417034475C16E552F14E7E3,Bluejaybrd,94.130.70.185,UNKNOWN,Germany,AS24940 Hetzner Online GmbH
2025-10-18 17:16:58,158,middle,FAF0A8829E39063669FA609B904E0FB8D5E1F23F,Najdorf,49.12.57.133,UNKNOWN,Germany,AS24940 Hetzner Online GmbH
2025-10-18 17:16:58,158,exit,ACBF3D504CFF3D74D1991AFDF6AC070606232B10,centorLyon,82.64.20.171,UNKNOWN,France,AS12322 Free SAS
2025-10-18 17:16:58,160,guard,727EDD6ED7E462532417034475C16E552F14E7E3,Bluejaybrd,94.130.70.185,UNKNOWN,Germany,AS24940 Hetzner Online GmbH
2025-10-18 17:16:58,159,guard,727EDD6ED7E462532417034475C16E552F14E7E3,Bluejaybrd,94.130.70.185,UNKNOWN,Germany,AS24940 Hetzner Online GmbH
2025-10-18 17:16:58,159,exit,013ABAED8F4CDB677BE0B5212E4B2583B86035EE,b0rken,45.129.182.225,UNKNOWN,Germany,AS197540 netcup GmbH
2025-10-18 17:16:58,158,guard,727EDD6ED7E462532417034475C16E552F14E7E3,Bluejaybrd,94.130.70.185,UNKNOWN,Germany,AS24940 Hetzner Online GmbH
2025-10-18 17:16:58,158,middle,FAF0A8829E39063669FA609B904E0FB8D5E1F23F,Najdorf,49.12.57.133,UNKNOWN,Germany,AS24940 Hetzner Online GmbH
2025-10-18 17:16:58,158,exit,ACBF3D504CFF3D74D1991AFDF6AC070606232B10,centorLyon,82.64.20.171,UNKNOWN,France,AS12322 Free SAS
2025-10-18 17:16:59,160,guard,727EDD6ED7E462532417034475C16E552F14E7E3,Bluejaybrd,94.130.70.185,UNKNOWN,Germany,AS24940 Hetzner Online GmbH
2025-10-18 17:16:59,160,exit,22BCD0DFD148209C9860C7F89907AB4DEE974A08,Fastnet,95.216.115.85,UNKNOWN,Finland,AS24940 Hetzner Online GmbH
2025-10-18 17:16:59,159,guard,727EDD6ED7E462532417034475C16E552F14E7E3,Bluejaybrd,94.130.70.185,UNKNOWN,Germany,AS24940 Hetzner Online GmbH
2025-10-18 17:16:59,159,exit,013ABAED8F4CDB677BE0B5212E4B2583B86035EE,b0rken,45.129.182.225,UNKNOWN,Germany,AS197540 netcup GmbH
2025-10-18 17:16:59,160,guard,727EDD6ED7E462532417034475C16E552F14E7E3,Bluejaybrd,94.130.70.185,UNKNOWN,Germany,AS24940 Hetzner Online GmbH
2025-10-18 17:16:59,160,middle,22BCD0DFD148209C9860C7F89907AB4DEE974A08,Fastnet,95.216.115.85,UNKNOWN,Finland,AS24940 Hetzner Online GmbH
2025-10-18 17:16:59,160,exit,A480D8C9F9B1112E47C24E33DAC0419CAF1A821A,ipenburg,77.174.164.37,UNKNOWN,The Netherlands,AS1136 KPN B.V.
2025-10-18 17:16:59,160,guard,727EDD6ED7E462532417034475C16E552F14E7E3,Bluejaybrd,94.130.70.185,UNKNOWN,Germany,AS24940 Hetzner Online GmbH
2025-10-18 17:16:59,160,middle,22BCD0DFD148209C9860C7F89907AB4DEE974A08,Fastnet,95.216.115.85,UNKNOWN,Finland,AS24940 Hetzner Online GmbH
2025-10-18 17:16:59,160,exit,A480D8C9F9B1112E47C24E33DAC0419CAF1A821A,ipenburg,77.174.164.37,UNKNOWN,The Netherlands,AS1136 KPN B.V.
2025-10-18 17:17:00,159,guard,727EDD6ED7E462532417034475C16E552F14E7E3,Bluejaybrd,94.130.70.185,UNKNOWN,Germany,AS24940 Hetzner Online GmbH
2025-10-18 17:17:00,159,middle,013ABAED8F4CDB677BE0B5212E4B2583B86035EE,b0rken,45.129.182.225,UNKNOWN,Germany,AS197540 netcup GmbH
2025-10-18 17:17:00,159,exit,22BCD0DFD148209C9860C7F89907AB4DEE974A08,Fastnet,95.216.115.85,UNKNOWN,Finland,AS24940 Hetzner Online GmbH
2025-10-18 17:17:00,159,guard,727EDD6ED7E462532417034475C16E552F14E7E3,Bluejaybrd,94.130.70.185,UNKNOWN,Germany,AS24940 Hetzner Online GmbH
2025-10-18 17:17:00,159,middle,013ABAED8F4CDB677BE0B5212E4B2583B86035EE,b0rken,45.129.182.225,UNKNOWN,Germany,AS197540 netcup GmbH
2025-10-18 17:17:00,159,exit,22BCD0DFD148209C9860C7F89907AB4DEE974A08,Fastnet,95.216.115.85,UNKNOWN,Finland,AS24940 Hetzner Online GmbH
2025-10-18 17:17:00,159,guard,727EDD6ED7E462532417034475C16E552F14E7E3,Bluejaybrd,94.130.70.185,UNKNOWN,Germany,AS24940 Hetzner Online GmbH
2025-10-18 17:17:00,159,middle,013ABAED8F4CDB677BE0B5212E4B2583B86035EE,b0rken,45.129.182.225,UNKNOWN,Germany,AS197540 netcup GmbH
2025-10-18 17:17:00,159,exit,22BCD0DFD148209C9860C7F89907AB4DEE974A08,Fastnet,95.216.115.85,UNKNOWN,Finland,AS24940 Hetzner Online GmbH
2025-10-18 17:17:00,161,guard,727EDD6ED7E462532417034475C16E552F14E7E3,Bluejaybrd,94.130.70.185,UNKNOWN,Germany,AS24940 Hetzner Online GmbH
2025-10-18 17:17:01,161,guard,727EDD6ED7E462532417034475C16E552F14E7E3,Bluejaybrd,94.130.70.185,UNKNOWN,Germany,AS24940 Hetzner Online GmbH
2025-10-18 17:17:01,161,guard,727EDD6ED7E462532417034475C16E552F14E7E3,Bluejaybrd,94.130.70.185,UNKNOWN,Germany,AS24940 Hetzner Online GmbH
2025-10-18 17:17:01,161,exit,013ABAED8F4CDB677BE0B5212E4B2583B86035EE,b0rken,45.129.182.225,UNKNOWN,Germany,AS197540 netcup GmbH
2025-10-18 17:17:01,162,guard,727EDD6ED7E462532417034475C16E552F14E7E3,Bluejaybrd,94.130.70.185,UNKNOWN,Germany,AS24940 Hetzner Online GmbH
2025-10-18 17:17:02,162,guard,727EDD6ED7E462532417034475C16E552F14E7E3,Bluejaybrd,94.130.70.185,UNKNOWN,Germany,AS24940 Hetzner Online GmbH
2025-10-18 17:17:02,162,exit,22BCD0DFD148209C9860C7F89907AB4DEE974A08,Fastnet,95.216.115.85,UNKNOWN,Finland,AS24940 Hetzner Online GmbH
2025-10-18 17:17:02,161,guard,727EDD6ED7E462532417034475C16E552F14E7E3,Bluejaybrd,94.130.70.185,UNKNOWN,Germany,AS24940 Hetzner Online GmbH
2025-10-18 17:17:02,161,middle,013ABAED8F4CDB677BE0B5212E4B2583B86035EE,b0rken,45.129.182.225,UNKNOWN,Germany,AS197540 netcup GmbH
2025-10-18 17:17:02,161,exit,B8319DBC39493CD1929EE6764BEEB5CC94977AEB,prsv,54.37.80.38,UNKNOWN,France,AS16276 OVH SAS
2025-10-18 17:17:02,161,guard,727EDD6ED7E462532417034475C16E552F14E7E3,Bluejaybrd,94.130.70.185,UNKNOWN,Germany,AS24940 Hetzner Online GmbH
2025-10-18 17:17:02,161,middle,013ABAED8F4CDB677BE0B5212E4B2583B86035EE,b0rken,45.129.182.225,UNKNOWN,Germany,AS197540 netcup GmbH
2025-10-18 17:17:02,161,exit,B8319DBC39493CD1929EE6764BEEB5CC94977AEB,prsv,54.37.80.38,UNKNOWN,France,AS16276 OVH SAS
2025-10-18 17:17:02,161,guard,727EDD6ED7E462532417034475C16E552F14E7E3,Bluejaybrd,94.130.70.185,UNKNOWN,Germany,AS24940 Hetzner Online GmbH
2025-10-18 17:17:02,161,middle,013ABAED8F4CDB677BE0B5212E4B2583B86035EE,b0rken,45.129.182.225,UNKNOWN,Germany,AS197540 netcup GmbH
2025-10-18 17:17:02,161,exit,B8319DBC39493CD1929EE6764BEEB5CC94977AEB,prsv,54.37.80.38,UNKNOWN,France,AS16276 OVH SAS
2025-10-18 17:17:02,162,guard,727EDD6ED7E462532417034475C16E552F14E7E3,Bluejaybrd,94.130.70.185,UNKNOWN,Germany,AS24940 Hetzner Online GmbH
2025-10-18 17:17:02,162,middle,22BCD0DFD148209C9860C7F89907AB4DEE974A08,Fastnet,95.216.115.85,UNKNOWN,Finland,AS24940 Hetzner Online GmbH
2025-10-18 17:17:02,162,exit,47EC4211A4A66768224BC18912AF8FB6E880003C,algrothendieck1,80.67.172.162,UNKNOWN,France,AS20766 Association Gitoyen
2025-10-18 17:17:02,162,guard,727EDD6ED7E462532417034475C16E552F14E7E3,Bluejaybrd,94.130.70.185,UNKNOWN,Germany,AS24940 Hetzner Online GmbH
2025-10-18 17:17:02,162,middle,22BCD0DFD148209C9860C7F89907AB4DEE974A08,Fastnet,95.216.115.85,UNKNOWN,Finland,AS24940 Hetzner Online GmbH
2025-10-18 17:17:02,162,exit,47EC4211A4A66768224BC18912AF8FB6E880003C,algrothendieck1,80.67.172.162,UNKNOWN,France,AS20766 Association Gitoyen
